{
  "time": {
    "rtime": 0.00035800000000000003,
    "utime": 0.0003140000000000087,
    "stime": 4.49999999999999e-05,
    "cutime": 0.0,
    "cstime": 0.0
  }
}