{
  "time": {
    "rtime": 0.1264275,
    "utime": 0.029182000000000003,
    "stime": 0.009029000000000001,
    "cutime": 0.065417,
    "cstime": 0.010236
  },
  "mem": {
    "minor_gb": 0.03227517753839493,
    "promoted_gb": 0.002482667565345764,
    "major_gb": 0.002906210720539093,
    "allocated_gb": 0.03269872069358826,
    "minor_collections": 9,
    "major_collections": 1,
    "compactions": 0,
    "top_heap_gb": 0.003662109375,
    "stack_kb": 0.53125,
    "minor_heap_kb": 8192.0
  }
}