{
  "time": {
    "rtime": 5.4703344000000005,
    "utime": 0.048031,
    "stime": 0.080579,
    "cutime": 0.188573,
    "cstime": 0.448343
  },
  "mem": {
    "minor_gb": 0.03120686113834381,
    "promoted_gb": 0.0024594515562057495,
    "major_gb": 0.002879232168197632,
    "allocated_gb": 0.03162664175033569,
    "minor_collections": 8,
    "major_collections": 1,
    "compactions": 0,
    "top_heap_gb": 0.003662109375,
    "stack_kb": 0.53125,
    "minor_heap_kb": 8192.0
  }
}