{
  "time": {
    "rtime": {
      "sum": 0.1319653,
      "avg": 0.06598265,
      "min": 0.027727300000000003,
      "p10": 0.06598265,
      "median": 0.06598265,
      "p75": 0.06598265,
      "max": 0.10423800000000001,
      "count": 2
    },
    "utime": {
      "sum": 0.019337,
      "avg": 0.0096685,
      "min": 0.0006229999999999986,
      "p10": 0.0096685,
      "median": 0.0096685,
      "p75": 0.0096685,
      "max": 0.018714,
      "count": 2
    },
    "stime": {
      "sum": 0.0001559999999999999,
      "avg": 7.799999999999994e-05,
      "min": 0.0,
      "p10": 7.799999999999994e-05,
      "median": 7.799999999999994e-05,
      "p75": 7.799999999999994e-05,
      "max": 0.0001559999999999999,
      "count": 2
    },
    "cutime": {
      "sum": 0.027035000000000003,
      "avg": 0.013517500000000002,
      "min": 0.0,
      "p10": 0.013517500000000002,
      "median": 0.013517500000000002,
      "p75": 0.013517500000000002,
      "max": 0.027035000000000003,
      "count": 2
    },
    "cstime": {
      "sum": 0.0,
      "avg": 0.0,
      "min": 0.0,
      "p10": 0.0,
      "median": 0.0,
      "p75": 0.0,
      "max": 0.0,
      "count": 2
    }
  },
  "mem": {
    "minor_gb": {
      "sum": 0.05977501720190048,
      "avg": 0.05977501720190048,
      "min": 0.05977501720190048,
      "p10": 0.05977501720190048,
      "median": 0.05977501720190048,
      "p75": 0.05977501720190048,
      "max": 0.05977501720190048,
      "count": 1
    },
    "promoted_gb": {
      "sum": 0.0025450214743614197,
      "avg": 0.0025450214743614197,
      "min": 0.0025450214743614197,
      "p10": 0.0025450214743614197,
      "median": 0.0025450214743614197,
      "p75": 0.0025450214743614197,
      "max": 0.0025450214743614197,
      "count": 1
    },
    "major_gb": {
      "sum": 0.0030261948704719543,
      "avg": 0.0030261948704719543,
      "min": 0.0030261948704719543,
      "p10": 0.0030261948704719543,
      "median": 0.0030261948704719543,
      "p75": 0.0030261948704719543,
      "max": 0.0030261948704719543,
      "count": 1
    },
    "allocated_gb": {
      "sum": 0.06025619059801102,
      "avg": 0.06025619059801102,
      "min": 0.06025619059801102,
      "p10": 0.06025619059801102,
      "median": 0.06025619059801102,
      "p75": 0.06025619059801102,
      "max": 0.06025619059801102,
      "count": 1
    },
    "minor_collections": {
      "sum": 12.0,
      "avg": 12.0,
      "min": 12.0,
      "p10": 12.0,
      "median": 12.0,
      "p75": 12.0,
      "max": 12.0,
      "count": 1
    },
    "major_collections": {
      "sum": 1.0,
      "avg": 1.0,
      "min": 1.0,
      "p10": 1.0,
      "median": 1.0,
      "p75": 1.0,
      "max": 1.0,
      "count": 1
    },
    "compactions": {
      "sum": 0.0,
      "avg": 0.0,
      "min": 0.0,
      "p10": 0.0,
      "median": 0.0,
      "p75": 0.0,
      "max": 0.0,
      "count": 1
    },
    "top_heap_gb": {
      "sum": 0.003662109375,
      "avg": 0.003662109375,
      "min": 0.003662109375,
      "p10": 0.003662109375,
      "median": 0.003662109375,
      "p75": 0.003662109375,
      "max": 0.003662109375,
      "count": 1
    },
    "stack_kb": {
      "sum": 0.71875,
      "avg": 0.71875,
      "min": 0.71875,
      "p10": 0.71875,
      "median": 0.71875,
      "p75": 0.71875,
      "max": 0.71875,
      "count": 1
    },
    "minor_heap_kb": {
      "sum": 8192.0,
      "avg": 8192.0,
      "min": 8192.0,
      "p10": 8192.0,
      "median": 8192.0,
      "p75": 8192.0,
      "max": 8192.0,
      "count": 1
    }
  }
}