{
  "time": {
    "rtime": 0.027727300000000003,
    "utime": 0.0006229999999999986,
    "stime": 0.0001559999999999999,
    "cutime": 0.027035000000000003,
    "cstime": 0.0
  }
}