{
  "time": {
    "rtime": {
      "sum": 0.049144,
      "avg": 0.049144,
      "min": 0.049144,
      "p10": 0.049144,
      "median": 0.049144,
      "p75": 0.049144,
      "max": 0.049144,
      "count": 1
    },
    "utime": {
      "sum": 0.0017579999999999818,
      "avg": 0.0017579999999999818,
      "min": 0.0017579999999999818,
      "p10": 0.0017579999999999818,
      "median": 0.0017579999999999818,
      "p75": 0.0017579999999999818,
      "max": 0.0017579999999999818,
      "count": 1
    },
    "stime": {
      "sum": 0.005932000000000048,
      "avg": 0.005932000000000048,
      "min": 0.005932000000000048,
      "p10": 0.005932000000000048,
      "median": 0.005932000000000048,
      "p75": 0.005932000000000048,
      "max": 0.005932000000000048,
      "count": 1
    },
    "cutime": {
      "sum": 0.0,
      "avg": 0.0,
      "min": 0.0,
      "p10": 0.0,
      "median": 0.0,
      "p75": 0.0,
      "max": 0.0,
      "count": 1
    },
    "cstime": {
      "sum": 0.0,
      "avg": 0.0,
      "min": 0.0,
      "p10": 0.0,
      "median": 0.0,
      "p75": 0.0,
      "max": 0.0,
      "count": 1
    }
  }
}