{
  "time": {
    "rtime": 0.049144,
    "utime": 0.0017579999999999818,
    "stime": 0.005932000000000048,
    "cutime": 0.0,
    "cstime": 0.0
  }
}