{
  "time": {
    "rtime": {
      "sum": 0.13993150000000001,
      "avg": 0.06996575000000001,
      "min": 0.033199,
      "p10": 0.06996575000000001,
      "median": 0.06996575000000001,
      "p75": 0.06996575000000001,
      "max": 0.10673250000000001,
      "count": 2
    },
    "utime": {
      "sum": 0.015156000000000003,
      "avg": 0.007578000000000001,
      "min": 0.0006550000000000028,
      "p10": 0.007578000000000001,
      "median": 0.007578000000000001,
      "p75": 0.007578000000000001,
      "max": 0.014501,
      "count": 2
    },
    "stime": {
      "sum": 0.010569000000000002,
      "avg": 0.005284500000000001,
      "min": 0.00021800000000000118,
      "p10": 0.005284500000000001,
      "median": 0.005284500000000001,
      "p75": 0.005284500000000001,
      "max": 0.010351,
      "count": 2
    },
    "cutime": {
      "sum": 0.021598,
      "avg": 0.010799,
      "min": 0.0,
      "p10": 0.010799,
      "median": 0.010799,
      "p75": 0.010799,
      "max": 0.021598,
      "count": 2
    },
    "cstime": {
      "sum": 0.010799,
      "avg": 0.0053995,
      "min": 0.0,
      "p10": 0.0053995,
      "median": 0.0053995,
      "p75": 0.0053995,
      "max": 0.010799,
      "count": 2
    }
  },
  "mem": {
    "minor_gb": {
      "sum": 0.07500944286584854,
      "avg": 0.07500944286584854,
      "min": 0.07500944286584854,
      "p10": 0.07500944286584854,
      "median": 0.07500944286584854,
      "p75": 0.07500944286584854,
      "max": 0.07500944286584854,
      "count": 1
    },
    "promoted_gb": {
      "sum": 0.0026227757334709167,
      "avg": 0.0026227757334709167,
      "min": 0.0026227757334709167,
      "p10": 0.0026227757334709167,
      "median": 0.0026227757334709167,
      "p75": 0.0026227757334709167,
      "max": 0.0026227757334709167,
      "count": 1
    },
    "major_gb": {
      "sum": 0.0031806156039237976,
      "avg": 0.0031806156039237976,
      "min": 0.0031806156039237976,
      "p10": 0.0031806156039237976,
      "median": 0.0031806156039237976,
      "p75": 0.0031806156039237976,
      "max": 0.0031806156039237976,
      "count": 1
    },
    "allocated_gb": {
      "sum": 0.07556728273630142,
      "avg": 0.07556728273630142,
      "min": 0.07556728273630142,
      "p10": 0.07556728273630142,
      "median": 0.07556728273630142,
      "p75": 0.07556728273630142,
      "max": 0.07556728273630142,
      "count": 1
    },
    "minor_collections": {
      "sum": 14.0,
      "avg": 14.0,
      "min": 14.0,
      "p10": 14.0,
      "median": 14.0,
      "p75": 14.0,
      "max": 14.0,
      "count": 1
    },
    "major_collections": {
      "sum": 1.0,
      "avg": 1.0,
      "min": 1.0,
      "p10": 1.0,
      "median": 1.0,
      "p75": 1.0,
      "max": 1.0,
      "count": 1
    },
    "compactions": {
      "sum": 0.0,
      "avg": 0.0,
      "min": 0.0,
      "p10": 0.0,
      "median": 0.0,
      "p75": 0.0,
      "max": 0.0,
      "count": 1
    },
    "top_heap_gb": {
      "sum": 0.003662109375,
      "avg": 0.003662109375,
      "min": 0.003662109375,
      "p10": 0.003662109375,
      "median": 0.003662109375,
      "p75": 0.003662109375,
      "max": 0.003662109375,
      "count": 1
    },
    "stack_kb": {
      "sum": 0.71875,
      "avg": 0.71875,
      "min": 0.71875,
      "p10": 0.71875,
      "median": 0.71875,
      "p75": 0.71875,
      "max": 0.71875,
      "count": 1
    },
    "minor_heap_kb": {
      "sum": 8192.0,
      "avg": 8192.0,
      "min": 8192.0,
      "p10": 8192.0,
      "median": 8192.0,
      "p75": 8192.0,
      "max": 8192.0,
      "count": 1
    }
  }
}