{
  "time": {
    "rtime": 0.033199,
    "utime": 0.0006550000000000028,
    "stime": 0.00021800000000000118,
    "cutime": 0.021598,
    "cstime": 0.010799
  }
}