{
  "time": {
    "rtime": {
      "sum": 0.3135333,
      "avg": 0.15676665,
      "min": 0.0481972,
      "p10": 0.15676665,
      "median": 0.15676665,
      "p75": 0.15676665,
      "max": 0.2653361,
      "count": 2
    },
    "utime": {
      "sum": -0.027263000000000003,
      "avg": -0.013631500000000001,
      "min": -0.028065,
      "p10": -0.013631500000000001,
      "median": -0.013631500000000001,
      "p75": -0.013631500000000001,
      "max": 0.0008019999999999972,
      "count": 2
    },
    "stime": {
      "sum": 0.011275,
      "avg": 0.0056375,
      "min": 0.0001460000000000003,
      "p10": 0.0056375,
      "median": 0.0056375,
      "p75": 0.0056375,
      "max": 0.011129,
      "count": 2
    },
    "cutime": {
      "sum": 0.033388,
      "avg": 0.016694,
      "min": 0.0,
      "p10": 0.016694,
      "median": 0.016694,
      "p75": 0.016694,
      "max": 0.033388,
      "count": 2
    },
    "cstime": {
      "sum": 0.013940000000000001,
      "avg": 0.0069700000000000005,
      "min": 0.0,
      "p10": 0.0069700000000000005,
      "median": 0.0069700000000000005,
      "p75": 0.0069700000000000005,
      "max": 0.013940000000000001,
      "count": 2
    }
  },
  "mem": {
    "minor_gb": {
      "sum": 0.06755197793245316,
      "avg": 0.06755197793245316,
      "min": 0.06755197793245316,
      "p10": 0.06755197793245316,
      "median": 0.06755197793245316,
      "p75": 0.06755197793245316,
      "max": 0.06755197793245316,
      "count": 1
    },
    "promoted_gb": {
      "sum": 0.0026750266551971436,
      "avg": 0.0026750266551971436,
      "min": 0.0026750266551971436,
      "p10": 0.0026750266551971436,
      "median": 0.0026750266551971436,
      "p75": 0.0026750266551971436,
      "max": 0.0026750266551971436,
      "count": 1
    },
    "major_gb": {
      "sum": 0.0032380223274230957,
      "avg": 0.0032380223274230957,
      "min": 0.0032380223274230957,
      "p10": 0.0032380223274230957,
      "median": 0.0032380223274230957,
      "p75": 0.0032380223274230957,
      "max": 0.0032380223274230957,
      "count": 1
    },
    "allocated_gb": {
      "sum": 0.06811497360467911,
      "avg": 0.06811497360467911,
      "min": 0.06811497360467911,
      "p10": 0.06811497360467911,
      "median": 0.06811497360467911,
      "p75": 0.06811497360467911,
      "max": 0.06811497360467911,
      "count": 1
    },
    "minor_collections": {
      "sum": 13.0,
      "avg": 13.0,
      "min": 13.0,
      "p10": 13.0,
      "median": 13.0,
      "p75": 13.0,
      "max": 13.0,
      "count": 1
    },
    "major_collections": {
      "sum": 1.0,
      "avg": 1.0,
      "min": 1.0,
      "p10": 1.0,
      "median": 1.0,
      "p75": 1.0,
      "max": 1.0,
      "count": 1
    },
    "compactions": {
      "sum": 0.0,
      "avg": 0.0,
      "min": 0.0,
      "p10": 0.0,
      "median": 0.0,
      "p75": 0.0,
      "max": 0.0,
      "count": 1
    },
    "top_heap_gb": {
      "sum": 0.003662109375,
      "avg": 0.003662109375,
      "min": 0.003662109375,
      "p10": 0.003662109375,
      "median": 0.003662109375,
      "p75": 0.003662109375,
      "max": 0.003662109375,
      "count": 1
    },
    "stack_kb": {
      "sum": 0.71875,
      "avg": 0.71875,
      "min": 0.71875,
      "p10": 0.71875,
      "median": 0.71875,
      "p75": 0.71875,
      "max": 0.71875,
      "count": 1
    },
    "minor_heap_kb": {
      "sum": 8192.0,
      "avg": 8192.0,
      "min": 8192.0,
      "p10": 8192.0,
      "median": 8192.0,
      "p75": 8192.0,
      "max": 8192.0,
      "count": 1
    }
  }
}