{
  "time": {
    "rtime": {
      "sum": 4.8476071,
      "avg": 2.42380355,
      "min": 0.7531766000000001,
      "p10": 2.42380355,
      "median": 2.42380355,
      "p75": 2.42380355,
      "max": 4.0944305000000005,
      "count": 2
    },
    "utime": {
      "sum": 0.07697100000000001,
      "avg": 0.038485500000000006,
      "min": 0.0006510000000000057,
      "p10": 0.038485500000000006,
      "median": 0.038485500000000006,
      "p75": 0.038485500000000006,
      "max": 0.07632,
      "count": 2
    },
    "stime": {
      "sum": 0.0065579999999999805,
      "avg": 0.0032789999999999903,
      "min": 0.0019529999999999825,
      "p10": 0.0032789999999999903,
      "median": 0.0032789999999999903,
      "p75": 0.0032789999999999903,
      "max": 0.004604999999999998,
      "count": 2
    },
    "cutime": {
      "sum": 0.077976,
      "avg": 0.038988,
      "min": 0.0,
      "p10": 0.038988,
      "median": 0.038988,
      "p75": 0.038988,
      "max": 0.077976,
      "count": 2
    },
    "cstime": {
      "sum": 0.09357100000000002,
      "avg": 0.04678550000000001,
      "min": 0.0,
      "p10": 0.04678550000000001,
      "median": 0.04678550000000001,
      "p75": 0.04678550000000001,
      "max": 0.09357100000000002,
      "count": 2
    }
  },
  "mem": {
    "minor_gb": {
      "sum": 0.11350797116756439,
      "avg": 0.11350797116756439,
      "min": 0.11350797116756439,
      "p10": 0.11350797116756439,
      "median": 0.11350797116756439,
      "p75": 0.11350797116756439,
      "max": 0.11350797116756439,
      "count": 1
    },
    "promoted_gb": {
      "sum": 0.0030333995819091797,
      "avg": 0.0030333995819091797,
      "min": 0.0030333995819091797,
      "p10": 0.0030333995819091797,
      "median": 0.0030333995819091797,
      "p75": 0.0030333995819091797,
      "max": 0.0030333995819091797,
      "count": 1
    },
    "major_gb": {
      "sum": 0.0035203471779823303,
      "avg": 0.0035203471779823303,
      "min": 0.0035203471779823303,
      "p10": 0.0035203471779823303,
      "median": 0.0035203471779823303,
      "p75": 0.0035203471779823303,
      "max": 0.0035203471779823303,
      "count": 1
    },
    "allocated_gb": {
      "sum": 0.11399491876363754,
      "avg": 0.11399491876363754,
      "min": 0.11399491876363754,
      "p10": 0.11399491876363754,
      "median": 0.11399491876363754,
      "p75": 0.11399491876363754,
      "max": 0.11399491876363754,
      "count": 1
    },
    "minor_collections": {
      "sum": 19.0,
      "avg": 19.0,
      "min": 19.0,
      "p10": 19.0,
      "median": 19.0,
      "p75": 19.0,
      "max": 19.0,
      "count": 1
    },
    "major_collections": {
      "sum": 1.0,
      "avg": 1.0,
      "min": 1.0,
      "p10": 1.0,
      "median": 1.0,
      "p75": 1.0,
      "max": 1.0,
      "count": 1
    },
    "compactions": {
      "sum": 0.0,
      "avg": 0.0,
      "min": 0.0,
      "p10": 0.0,
      "median": 0.0,
      "p75": 0.0,
      "max": 0.0,
      "count": 1
    },
    "top_heap_gb": {
      "sum": 0.003662109375,
      "avg": 0.003662109375,
      "min": 0.003662109375,
      "p10": 0.003662109375,
      "median": 0.003662109375,
      "p75": 0.003662109375,
      "max": 0.003662109375,
      "count": 1
    },
    "stack_kb": {
      "sum": 0.71875,
      "avg": 0.71875,
      "min": 0.71875,
      "p10": 0.71875,
      "median": 0.71875,
      "p75": 0.71875,
      "max": 0.71875,
      "count": 1
    },
    "minor_heap_kb": {
      "sum": 8192.0,
      "avg": 8192.0,
      "min": 8192.0,
      "p10": 8192.0,
      "median": 8192.0,
      "p75": 8192.0,
      "max": 8192.0,
      "count": 1
    }
  }
}