{
  "time": {
    "rtime": {
      "sum": 5.6013213,
      "avg": 2.80066065,
      "min": 0.42363460000000003,
      "p10": 2.80066065,
      "median": 2.80066065,
      "p75": 2.80066065,
      "max": 5.177686700000001,
      "count": 2
    },
    "utime": {
      "sum": 0.037876,
      "avg": 0.018938,
      "min": 0.0005199999999999996,
      "p10": 0.018938,
      "median": 0.018938,
      "p75": 0.018938,
      "max": 0.037356,
      "count": 2
    },
    "stime": {
      "sum": -0.05627599999999998,
      "avg": -0.02813799999999999,
      "min": -0.058182,
      "p10": -0.02813799999999999,
      "median": -0.02813799999999999,
      "p75": -0.02813799999999999,
      "max": 0.0019060000000000188,
      "count": 2
    },
    "cutime": {
      "sum": 0.03895599999999999,
      "avg": 0.019477999999999995,
      "min": 0.0,
      "p10": 0.019477999999999995,
      "median": 0.019477999999999995,
      "p75": 0.019477999999999995,
      "max": 0.03895599999999999,
      "count": 2
    },
    "cstime": {
      "sum": 0.03895500000000002,
      "avg": 0.01947750000000001,
      "min": 0.0,
      "p10": 0.01947750000000001,
      "median": 0.01947750000000001,
      "p75": 0.01947750000000001,
      "max": 0.03895500000000002,
      "count": 2
    }
  },
  "mem": {
    "minor_gb": {
      "sum": 0.04948608577251434,
      "avg": 0.04948608577251434,
      "min": 0.04948608577251434,
      "p10": 0.04948608577251434,
      "median": 0.04948608577251434,
      "p75": 0.04948608577251434,
      "max": 0.04948608577251434,
      "count": 1
    },
    "promoted_gb": {
      "sum": 0.002613373100757599,
      "avg": 0.002613373100757599,
      "min": 0.002613373100757599,
      "p10": 0.002613373100757599,
      "median": 0.002613373100757599,
      "p75": 0.002613373100757599,
      "max": 0.002613373100757599,
      "count": 1
    },
    "major_gb": {
      "sum": 0.0030739381909370422,
      "avg": 0.0030739381909370422,
      "min": 0.0030739381909370422,
      "p10": 0.0030739381909370422,
      "median": 0.0030739381909370422,
      "p75": 0.0030739381909370422,
      "max": 0.0030739381909370422,
      "count": 1
    },
    "allocated_gb": {
      "sum": 0.04994665086269379,
      "avg": 0.04994665086269379,
      "min": 0.04994665086269379,
      "p10": 0.04994665086269379,
      "median": 0.04994665086269379,
      "p75": 0.04994665086269379,
      "max": 0.04994665086269379,
      "count": 1
    },
    "minor_collections": {
      "sum": 11.0,
      "avg": 11.0,
      "min": 11.0,
      "p10": 11.0,
      "median": 11.0,
      "p75": 11.0,
      "max": 11.0,
      "count": 1
    },
    "major_collections": {
      "sum": 1.0,
      "avg": 1.0,
      "min": 1.0,
      "p10": 1.0,
      "median": 1.0,
      "p75": 1.0,
      "max": 1.0,
      "count": 1
    },
    "compactions": {
      "sum": 0.0,
      "avg": 0.0,
      "min": 0.0,
      "p10": 0.0,
      "median": 0.0,
      "p75": 0.0,
      "max": 0.0,
      "count": 1
    },
    "top_heap_gb": {
      "sum": 0.003662109375,
      "avg": 0.003662109375,
      "min": 0.003662109375,
      "p10": 0.003662109375,
      "median": 0.003662109375,
      "p75": 0.003662109375,
      "max": 0.003662109375,
      "count": 1
    },
    "stack_kb": {
      "sum": 0.71875,
      "avg": 0.71875,
      "min": 0.71875,
      "p10": 0.71875,
      "median": 0.71875,
      "p75": 0.71875,
      "max": 0.71875,
      "count": 1
    },
    "minor_heap_kb": {
      "sum": 8192.0,
      "avg": 8192.0,
      "min": 8192.0,
      "p10": 8192.0,
      "median": 8192.0,
      "p75": 8192.0,
      "max": 8192.0,
      "count": 1
    }
  }
}