{
  "time": {
    "rtime": 0.7531766000000001,
    "utime": 0.0006510000000000057,
    "stime": 0.0019529999999999825,
    "cutime": 0.077976,
    "cstime": 0.09357100000000002
  }
}