{
  "time": {
    "rtime": 0.0481972,
    "utime": 0.0008019999999999972,
    "stime": 0.0001460000000000003,
    "cutime": 0.033388,
    "cstime": 0.013940000000000001
  }
}