{
  "time": {
    "rtime": 0.42363460000000003,
    "utime": 0.0005199999999999996,
    "stime": 0.0019060000000000188,
    "cutime": 0.03895599999999999,
    "cstime": 0.03895500000000002
  }
}