{
  "time": {
    "rtime": 5.177686700000001,
    "utime": 0.037356,
    "stime": -0.058182,
    "cutime": 0.0,
    "cstime": 0.0
  },
  "mem": {
    "minor_gb": 0.04948608577251434,
    "promoted_gb": 0.002613373100757599,
    "major_gb": 0.0030739381909370422,
    "allocated_gb": 0.04994665086269379,
    "minor_collections": 11,
    "major_collections": 1,
    "compactions": 0,
    "top_heap_gb": 0.003662109375,
    "stack_kb": 0.71875,
    "minor_heap_kb": 8192.0
  }
}