{
  "time": {
    "rtime": {
      "sum": 0.00043390000000000003,
      "avg": 0.00043390000000000003,
      "min": 0.00043390000000000003,
      "p10": 0.00043390000000000003,
      "median": 0.00043390000000000003,
      "p75": 0.00043390000000000003,
      "max": 0.00043390000000000003,
      "count": 1
    },
    "utime": {
      "sum": 0.00037900000000000433,
      "avg": 0.00037900000000000433,
      "min": 0.00037900000000000433,
      "p10": 0.00037900000000000433,
      "median": 0.00037900000000000433,
      "p75": 0.00037900000000000433,
      "max": 0.00037900000000000433,
      "count": 1
    },
    "stime": {
      "sum": 5.4999999999999494e-05,
      "avg": 5.4999999999999494e-05,
      "min": 5.4999999999999494e-05,
      "p10": 5.4999999999999494e-05,
      "median": 5.4999999999999494e-05,
      "p75": 5.4999999999999494e-05,
      "max": 5.4999999999999494e-05,
      "count": 1
    },
    "cutime": {
      "sum": 0.0,
      "avg": 0.0,
      "min": 0.0,
      "p10": 0.0,
      "median": 0.0,
      "p75": 0.0,
      "max": 0.0,
      "count": 1
    },
    "cstime": {
      "sum": 0.0,
      "avg": 0.0,
      "min": 0.0,
      "p10": 0.0,
      "median": 0.0,
      "p75": 0.0,
      "max": 0.0,
      "count": 1
    }
  }
}