{
  "time": {
    "rtime": 0.00043390000000000003,
    "utime": 0.00037900000000000433,
    "stime": 5.4999999999999494e-05,
    "cutime": 0.0,
    "cstime": 0.0
  }
}