{
  "time": {
    "rtime": {
      "sum": 1.2381416,
      "avg": 0.6190708,
      "min": 0.5829614000000001,
      "p10": 0.6190708,
      "median": 0.6190708,
      "p75": 0.6190708,
      "max": 0.6551802,
      "count": 2
    },
    "utime": {
      "sum": 0.5449879999999999,
      "avg": 0.27249399999999996,
      "min": 0.0005720000000000031,
      "p10": 0.27249399999999996,
      "median": 0.27249399999999996,
      "p75": 0.27249399999999996,
      "max": 0.5444159999999999,
      "count": 2
    },
    "stime": {
      "sum": 0.03021,
      "avg": 0.015105,
      "min": 0.00019000000000000093,
      "p10": 0.015105,
      "median": 0.015105,
      "p75": 0.015105,
      "max": 0.03002,
      "count": 2
    },
    "cutime": {
      "sum": 0.5503750000000001,
      "avg": 0.27518750000000003,
      "min": 0.0,
      "p10": 0.27518750000000003,
      "median": 0.27518750000000003,
      "p75": 0.27518750000000003,
      "max": 0.5503750000000001,
      "count": 2
    },
    "cstime": {
      "sum": 0.031896,
      "avg": 0.015948,
      "min": 0.0,
      "p10": 0.015948,
      "median": 0.015948,
      "p75": 0.015948,
      "max": 0.031896,
      "count": 2
    }
  },
  "mem": {
    "minor_gb": {
      "sum": 1.785215601325035,
      "avg": 1.785215601325035,
      "min": 1.785215601325035,
      "p10": 1.785215601325035,
      "median": 1.785215601325035,
      "p75": 1.785215601325035,
      "max": 1.785215601325035,
      "count": 1
    },
    "promoted_gb": {
      "sum": 0.015406839549541473,
      "avg": 0.015406839549541473,
      "min": 0.015406839549541473,
      "p10": 0.015406839549541473,
      "median": 0.015406839549541473,
      "p75": 0.015406839549541473,
      "max": 0.015406839549541473,
      "count": 1
    },
    "major_gb": {
      "sum": 0.016105204820632935,
      "avg": 0.016105204820632935,
      "min": 0.016105204820632935,
      "p10": 0.016105204820632935,
      "median": 0.016105204820632935,
      "p75": 0.016105204820632935,
      "max": 0.016105204820632935,
      "count": 1
    },
    "allocated_gb": {
      "sum": 1.7859139665961266,
      "avg": 1.7859139665961266,
      "min": 1.7859139665961266,
      "p10": 1.7859139665961266,
      "median": 1.7859139665961266,
      "p75": 1.7859139665961266,
      "max": 1.7859139665961266,
      "count": 1
    },
    "minor_collections": {
      "sum": 236.0,
      "avg": 236.0,
      "min": 236.0,
      "p10": 236.0,
      "median": 236.0,
      "p75": 236.0,
      "max": 236.0,
      "count": 1
    },
    "major_collections": {
      "sum": 8.0,
      "avg": 8.0,
      "min": 8.0,
      "p10": 8.0,
      "median": 8.0,
      "p75": 8.0,
      "max": 8.0,
      "count": 1
    },
    "compactions": {
      "sum": 0.0,
      "avg": 0.0,
      "min": 0.0,
      "p10": 0.0,
      "median": 0.0,
      "p75": 0.0,
      "max": 0.0,
      "count": 1
    },
    "top_heap_gb": {
      "sum": 0.006412506103515625,
      "avg": 0.006412506103515625,
      "min": 0.006412506103515625,
      "p10": 0.006412506103515625,
      "median": 0.006412506103515625,
      "p75": 0.006412506103515625,
      "max": 0.006412506103515625,
      "count": 1
    },
    "stack_kb": {
      "sum": 0.71875,
      "avg": 0.71875,
      "min": 0.71875,
      "p10": 0.71875,
      "median": 0.71875,
      "p75": 0.71875,
      "max": 0.71875,
      "count": 1
    },
    "minor_heap_kb": {
      "sum": 8192.0,
      "avg": 8192.0,
      "min": 8192.0,
      "p10": 8192.0,
      "median": 8192.0,
      "p75": 8192.0,
      "max": 8192.0,
      "count": 1
    }
  }
}