{
  "time": {
    "rtime": 0.5829614000000001,
    "utime": 0.0005720000000000031,
    "stime": 0.00019000000000000093,
    "cutime": 0.5503750000000001,
    "cstime": 0.031896
  }
}