{
  "time": {
    "rtime": 0.3353533,
    "utime": 0.06325,
    "stime": 0.00978,
    "cutime": 0.231949,
    "cstime": 0.023915
  },
  "mem": {
    "minor_gb": 0.03237327188253403,
    "promoted_gb": 0.0025107041001319885,
    "major_gb": 0.0029348134994506836,
    "allocated_gb": 0.03279738128185272,
    "minor_collections": 9,
    "major_collections": 1,
    "compactions": 0,
    "top_heap_gb": 0.003662109375,
    "stack_kb": 0.53125,
    "minor_heap_kb": 8192.0
  }
}