{
  "time": {
    "rtime": 23.7186008,
    "utime": 0.309069,
    "stime": 0.5884160000000002,
    "cutime": 0.881704,
    "cstime": 3.687431
  },
  "mem": {
    "minor_gb": 0.031493790447711945,
    "promoted_gb": 0.002466246485710144,
    "major_gb": 0.00289250910282135,
    "allocated_gb": 0.03192005306482315,
    "minor_collections": 8,
    "major_collections": 1,
    "compactions": 0,
    "top_heap_gb": 0.003662109375,
    "stack_kb": 0.53125,
    "minor_heap_kb": 8192.0
  }
}