{
  "time": {
    "rtime": {
      "sum": 0.0001598,
      "avg": 0.0001598,
      "min": 0.0001598,
      "p10": 0.0001598,
      "median": 0.0001598,
      "p75": 0.0001598,
      "max": 0.0001598,
      "count": 1
    },
    "utime": {
      "sum": 0.00011900000000000105,
      "avg": 0.00011900000000000105,
      "min": 0.00011900000000000105,
      "p10": 0.00011900000000000105,
      "median": 0.00011900000000000105,
      "p75": 0.00011900000000000105,
      "max": 0.00011900000000000105,
      "count": 1
    },
    "stime": {
      "sum": 4.0000000000000105e-05,
      "avg": 4.0000000000000105e-05,
      "min": 4.0000000000000105e-05,
      "p10": 4.0000000000000105e-05,
      "median": 4.0000000000000105e-05,
      "p75": 4.0000000000000105e-05,
      "max": 4.0000000000000105e-05,
      "count": 1
    },
    "cutime": {
      "sum": 0.0,
      "avg": 0.0,
      "min": 0.0,
      "p10": 0.0,
      "median": 0.0,
      "p75": 0.0,
      "max": 0.0,
      "count": 1
    },
    "cstime": {
      "sum": 0.0,
      "avg": 0.0,
      "min": 0.0,
      "p10": 0.0,
      "median": 0.0,
      "p75": 0.0,
      "max": 0.0,
      "count": 1
    }
  }
}