{
  "time": {
    "rtime": 0.0001598,
    "utime": 0.00011900000000000105,
    "stime": 4.0000000000000105e-05,
    "cutime": 0.0,
    "cstime": 0.0
  }
}