{
  "time": {
    "rtime": 0.00016590000000000002,
    "utime": 0.0,
    "stime": 0.00016599999999999948,
    "cutime": 0.0,
    "cstime": 0.0
  }
}