{
  "time": {
    "rtime": {
      "sum": 0.1200138,
      "avg": 0.0600069,
      "min": 0.0249868,
      "p10": 0.0600069,
      "median": 0.0600069,
      "p75": 0.0600069,
      "max": 0.095027,
      "count": 2
    },
    "utime": {
      "sum": 0.005007,
      "avg": 0.0025035,
      "min": 0.0,
      "p10": 0.0025035,
      "median": 0.0025035,
      "p75": 0.0025035,
      "max": 0.005007,
      "count": 2
    },
    "stime": {
      "sum": 0.01226,
      "avg": 0.00613,
      "min": 0.0008149999999999998,
      "p10": 0.00613,
      "median": 0.00613,
      "p75": 0.00613,
      "max": 0.011445,
      "count": 2
    },
    "cutime": {
      "sum": 0.012122999999999998,
      "avg": 0.006061499999999999,
      "min": 0.0,
      "p10": 0.006061499999999999,
      "median": 0.006061499999999999,
      "p75": 0.006061499999999999,
      "max": 0.012122999999999998,
      "count": 2
    },
    "cstime": {
      "sum": 0.012122,
      "avg": 0.006061,
      "min": 0.0,
      "p10": 0.006061,
      "median": 0.006061,
      "p75": 0.006061,
      "max": 0.012122,
      "count": 2
    }
  },
  "mem": {
    "minor_gb": {
      "sum": 0.06493975967168808,
      "avg": 0.06493975967168808,
      "min": 0.06493975967168808,
      "p10": 0.06493975967168808,
      "median": 0.06493975967168808,
      "p75": 0.06493975967168808,
      "max": 0.06493975967168808,
      "count": 1
    },
    "promoted_gb": {
      "sum": 0.002660907804965973,
      "avg": 0.002660907804965973,
      "min": 0.002660907804965973,
      "p10": 0.002660907804965973,
      "median": 0.002660907804965973,
      "p75": 0.002660907804965973,
      "max": 0.002660907804965973,
      "count": 1
    },
    "major_gb": {
      "sum": 0.0031452178955078125,
      "avg": 0.0031452178955078125,
      "min": 0.0031452178955078125,
      "p10": 0.0031452178955078125,
      "median": 0.0031452178955078125,
      "p75": 0.0031452178955078125,
      "max": 0.0031452178955078125,
      "count": 1
    },
    "allocated_gb": {
      "sum": 0.06542406976222992,
      "avg": 0.06542406976222992,
      "min": 0.06542406976222992,
      "p10": 0.06542406976222992,
      "median": 0.06542406976222992,
      "p75": 0.06542406976222992,
      "max": 0.06542406976222992,
      "count": 1
    },
    "minor_collections": {
      "sum": 13.0,
      "avg": 13.0,
      "min": 13.0,
      "p10": 13.0,
      "median": 13.0,
      "p75": 13.0,
      "max": 13.0,
      "count": 1
    },
    "major_collections": {
      "sum": 1.0,
      "avg": 1.0,
      "min": 1.0,
      "p10": 1.0,
      "median": 1.0,
      "p75": 1.0,
      "max": 1.0,
      "count": 1
    },
    "compactions": {
      "sum": 0.0,
      "avg": 0.0,
      "min": 0.0,
      "p10": 0.0,
      "median": 0.0,
      "p75": 0.0,
      "max": 0.0,
      "count": 1
    },
    "top_heap_gb": {
      "sum": 0.003662109375,
      "avg": 0.003662109375,
      "min": 0.003662109375,
      "p10": 0.003662109375,
      "median": 0.003662109375,
      "p75": 0.003662109375,
      "max": 0.003662109375,
      "count": 1
    },
    "stack_kb": {
      "sum": 0.71875,
      "avg": 0.71875,
      "min": 0.71875,
      "p10": 0.71875,
      "median": 0.71875,
      "p75": 0.71875,
      "max": 0.71875,
      "count": 1
    },
    "minor_heap_kb": {
      "sum": 8192.0,
      "avg": 8192.0,
      "min": 8192.0,
      "p10": 8192.0,
      "median": 8192.0,
      "p75": 8192.0,
      "max": 8192.0,
      "count": 1
    }
  }
}