{
  "time": {
    "rtime": 0.0249868,
    "utime": 0.0,
    "stime": 0.0008149999999999998,
    "cutime": 0.012122999999999998,
    "cstime": 0.012122
  }
}