{
  "time": {
    "rtime": 0.095027,
    "utime": 0.005007,
    "stime": 0.011445,
    "cutime": 0.0,
    "cstime": 0.0
  },
  "mem": {
    "minor_gb": 0.06493975967168808,
    "promoted_gb": 0.002660907804965973,
    "major_gb": 0.0031452178955078125,
    "allocated_gb": 0.06542406976222992,
    "minor_collections": 13,
    "major_collections": 1,
    "compactions": 0,
    "top_heap_gb": 0.003662109375,
    "stack_kb": 0.71875,
    "minor_heap_kb": 8192.0
  }
}