{
  "time": {
    "rtime": {
      "sum": 0.0002156,
      "avg": 0.0002156,
      "min": 0.0002156,
      "p10": 0.0002156,
      "median": 0.0002156,
      "p75": 0.0002156,
      "max": 0.0002156,
      "count": 1
    },
    "utime": {
      "sum": 0.00016100000000000142,
      "avg": 0.00016100000000000142,
      "min": 0.00016100000000000142,
      "p10": 0.00016100000000000142,
      "median": 0.00016100000000000142,
      "p75": 0.00016100000000000142,
      "max": 0.00016100000000000142,
      "count": 1
    },
    "stime": {
      "sum": 5.3999999999998494e-05,
      "avg": 5.3999999999998494e-05,
      "min": 5.3999999999998494e-05,
      "p10": 5.3999999999998494e-05,
      "median": 5.3999999999998494e-05,
      "p75": 5.3999999999998494e-05,
      "max": 5.3999999999998494e-05,
      "count": 1
    },
    "cutime": {
      "sum": 0.0,
      "avg": 0.0,
      "min": 0.0,
      "p10": 0.0,
      "median": 0.0,
      "p75": 0.0,
      "max": 0.0,
      "count": 1
    },
    "cstime": {
      "sum": 0.0,
      "avg": 0.0,
      "min": 0.0,
      "p10": 0.0,
      "median": 0.0,
      "p75": 0.0,
      "max": 0.0,
      "count": 1
    }
  }
}