{
  "time": {
    "rtime": 0.0002156,
    "utime": 0.00016100000000000142,
    "stime": 5.3999999999998494e-05,
    "cutime": 0.0,
    "cstime": 0.0
  }
}