{
  "time": {
    "rtime": {
      "sum": 0.42821370000000003,
      "avg": 0.21410685000000002,
      "min": 0.08081250000000001,
      "p10": 0.21410685000000002,
      "median": 0.21410685000000002,
      "p75": 0.21410685000000002,
      "max": 0.3474012,
      "count": 2
    },
    "utime": {
      "sum": -0.019636999999999988,
      "avg": -0.009818499999999994,
      "min": -0.020366999999999996,
      "p10": -0.009818499999999994,
      "median": -0.009818499999999994,
      "p75": -0.009818499999999994,
      "max": 0.0007300000000000084,
      "count": 2
    },
    "stime": {
      "sum": 0.009750999999999994,
      "avg": 0.004875499999999997,
      "min": 0.00025999999999999635,
      "p10": 0.004875499999999997,
      "median": 0.004875499999999997,
      "p75": 0.004875499999999997,
      "max": 0.009490999999999998,
      "count": 2
    },
    "cutime": {
      "sum": 0.05990200000000001,
      "avg": 0.029951000000000005,
      "min": 0.0,
      "p10": 0.029951000000000005,
      "median": 0.029951000000000005,
      "p75": 0.029951000000000005,
      "max": 0.05990200000000001,
      "count": 2
    },
    "cstime": {
      "sum": 0.019967000000000002,
      "avg": 0.009983500000000001,
      "min": 0.0,
      "p10": 0.009983500000000001,
      "median": 0.009983500000000001,
      "p75": 0.009983500000000001,
      "max": 0.019967000000000002,
      "count": 2
    }
  },
  "mem": {
    "minor_gb": {
      "sum": 0.15254303067922592,
      "avg": 0.15254303067922592,
      "min": 0.15254303067922592,
      "p10": 0.15254303067922592,
      "median": 0.15254303067922592,
      "p75": 0.15254303067922592,
      "max": 0.15254303067922592,
      "count": 1
    },
    "promoted_gb": {
      "sum": 0.003125786781311035,
      "avg": 0.003125786781311035,
      "min": 0.003125786781311035,
      "p10": 0.003125786781311035,
      "median": 0.003125786781311035,
      "p75": 0.003125786781311035,
      "max": 0.003125786781311035,
      "count": 1
    },
    "major_gb": {
      "sum": 0.003785640001296997,
      "avg": 0.003785640001296997,
      "min": 0.003785640001296997,
      "p10": 0.003785640001296997,
      "median": 0.003785640001296997,
      "p75": 0.003785640001296997,
      "max": 0.003785640001296997,
      "count": 1
    },
    "allocated_gb": {
      "sum": 0.15320288389921188,
      "avg": 0.15320288389921188,
      "min": 0.15320288389921188,
      "p10": 0.15320288389921188,
      "median": 0.15320288389921188,
      "p75": 0.15320288389921188,
      "max": 0.15320288389921188,
      "count": 1
    },
    "minor_collections": {
      "sum": 24.0,
      "avg": 24.0,
      "min": 24.0,
      "p10": 24.0,
      "median": 24.0,
      "p75": 24.0,
      "max": 24.0,
      "count": 1
    },
    "major_collections": {
      "sum": 1.0,
      "avg": 1.0,
      "min": 1.0,
      "p10": 1.0,
      "median": 1.0,
      "p75": 1.0,
      "max": 1.0,
      "count": 1
    },
    "compactions": {
      "sum": 0.0,
      "avg": 0.0,
      "min": 0.0,
      "p10": 0.0,
      "median": 0.0,
      "p75": 0.0,
      "max": 0.0,
      "count": 1
    },
    "top_heap_gb": {
      "sum": 0.00421142578125,
      "avg": 0.00421142578125,
      "min": 0.00421142578125,
      "p10": 0.00421142578125,
      "median": 0.00421142578125,
      "p75": 0.00421142578125,
      "max": 0.00421142578125,
      "count": 1
    },
    "stack_kb": {
      "sum": 0.71875,
      "avg": 0.71875,
      "min": 0.71875,
      "p10": 0.71875,
      "median": 0.71875,
      "p75": 0.71875,
      "max": 0.71875,
      "count": 1
    },
    "minor_heap_kb": {
      "sum": 8192.0,
      "avg": 8192.0,
      "min": 8192.0,
      "p10": 8192.0,
      "median": 8192.0,
      "p75": 8192.0,
      "max": 8192.0,
      "count": 1
    }
  }
}