{
  "time": {
    "rtime": 0.08081250000000001,
    "utime": 0.0007300000000000084,
    "stime": 0.00025999999999999635,
    "cutime": 0.05990200000000001,
    "cstime": 0.019967000000000002
  }
}