{
  "time": {
    "rtime": {
      "sum": 25.567659700000004,
      "avg": 12.783829850000002,
      "min": 3.8005199000000003,
      "p10": 12.783829850000002,
      "median": 12.783829850000002,
      "p75": 12.783829850000002,
      "max": 21.767139800000002,
      "count": 2
    },
    "utime": {
      "sum": 0.348076,
      "avg": 0.174038,
      "min": 0.0017199999999999993,
      "p10": 0.174038,
      "median": 0.174038,
      "p75": 0.174038,
      "max": 0.346356,
      "count": 2
    },
    "stime": {
      "sum": -0.13188699999999998,
      "avg": -0.06594349999999999,
      "min": -0.138899,
      "p10": -0.06594349999999999,
      "median": -0.06594349999999999,
      "p75": -0.06594349999999999,
      "max": 0.007012000000000018,
      "count": 2
    },
    "cutime": {
      "sum": 0.395553,
      "avg": 0.1977765,
      "min": 0.0,
      "p10": 0.1977765,
      "median": 0.1977765,
      "p75": 0.1977765,
      "max": 0.395553,
      "count": 2
    },
    "cstime": {
      "sum": 0.5516619999999999,
      "avg": 0.27583099999999994,
      "min": 0.0,
      "p10": 0.27583099999999994,
      "median": 0.27583099999999994,
      "p75": 0.27583099999999994,
      "max": 0.5516619999999999,
      "count": 2
    }
  },
  "mem": {
    "minor_gb": {
      "sum": 0.07513206452131271,
      "avg": 0.07513206452131271,
      "min": 0.07513206452131271,
      "p10": 0.07513206452131271,
      "median": 0.07513206452131271,
      "p75": 0.07513206452131271,
      "max": 0.07513206452131271,
      "count": 1
    },
    "promoted_gb": {
      "sum": 0.002772808074951172,
      "avg": 0.002772808074951172,
      "min": 0.002772808074951172,
      "p10": 0.002772808074951172,
      "median": 0.002772808074951172,
      "p75": 0.002772808074951172,
      "max": 0.002772808074951172,
      "count": 1
    },
    "major_gb": {
      "sum": 0.003255613148212433,
      "avg": 0.003255613148212433,
      "min": 0.003255613148212433,
      "p10": 0.003255613148212433,
      "median": 0.003255613148212433,
      "p75": 0.003255613148212433,
      "max": 0.003255613148212433,
      "count": 1
    },
    "allocated_gb": {
      "sum": 0.07561486959457397,
      "avg": 0.07561486959457397,
      "min": 0.07561486959457397,
      "p10": 0.07561486959457397,
      "median": 0.07561486959457397,
      "p75": 0.07561486959457397,
      "max": 0.07561486959457397,
      "count": 1
    },
    "minor_collections": {
      "sum": 14.0,
      "avg": 14.0,
      "min": 14.0,
      "p10": 14.0,
      "median": 14.0,
      "p75": 14.0,
      "max": 14.0,
      "count": 1
    },
    "major_collections": {
      "sum": 1.0,
      "avg": 1.0,
      "min": 1.0,
      "p10": 1.0,
      "median": 1.0,
      "p75": 1.0,
      "max": 1.0,
      "count": 1
    },
    "compactions": {
      "sum": 0.0,
      "avg": 0.0,
      "min": 0.0,
      "p10": 0.0,
      "median": 0.0,
      "p75": 0.0,
      "max": 0.0,
      "count": 1
    },
    "top_heap_gb": {
      "sum": 0.003662109375,
      "avg": 0.003662109375,
      "min": 0.003662109375,
      "p10": 0.003662109375,
      "median": 0.003662109375,
      "p75": 0.003662109375,
      "max": 0.003662109375,
      "count": 1
    },
    "stack_kb": {
      "sum": 0.71875,
      "avg": 0.71875,
      "min": 0.71875,
      "p10": 0.71875,
      "median": 0.71875,
      "p75": 0.71875,
      "max": 0.71875,
      "count": 1
    },
    "minor_heap_kb": {
      "sum": 8192.0,
      "avg": 8192.0,
      "min": 8192.0,
      "p10": 8192.0,
      "median": 8192.0,
      "p75": 8192.0,
      "max": 8192.0,
      "count": 1
    }
  }
}