{
  "time": {
    "rtime": 21.767139800000002,
    "utime": 0.346356,
    "stime": -0.138899,
    "cutime": 0.0,
    "cstime": 0.0
  },
  "mem": {
    "minor_gb": 0.07513206452131271,
    "promoted_gb": 0.002772808074951172,
    "major_gb": 0.003255613148212433,
    "allocated_gb": 0.07561486959457397,
    "minor_collections": 14,
    "major_collections": 1,
    "compactions": 0,
    "top_heap_gb": 0.003662109375,
    "stack_kb": 0.71875,
    "minor_heap_kb": 8192.0
  }
}