{
  "time": {
    "rtime": 3.8005199000000003,
    "utime": 0.0017199999999999993,
    "stime": 0.007012000000000018,
    "cutime": 0.395553,
    "cstime": 0.5516619999999999
  }
}