{
  "time": {
    "rtime": {
      "sum": 0.0583405,
      "avg": 0.0583405,
      "min": 0.0583405,
      "p10": 0.0583405,
      "median": 0.0583405,
      "p75": 0.0583405,
      "max": 0.0583405,
      "count": 1
    },
    "utime": {
      "sum": 0.001715000000000022,
      "avg": 0.001715000000000022,
      "min": 0.001715000000000022,
      "p10": 0.001715000000000022,
      "median": 0.001715000000000022,
      "p75": 0.001715000000000022,
      "max": 0.001715000000000022,
      "count": 1
    },
    "stime": {
      "sum": 0.006992000000000109,
      "avg": 0.006992000000000109,
      "min": 0.006992000000000109,
      "p10": 0.006992000000000109,
      "median": 0.006992000000000109,
      "p75": 0.006992000000000109,
      "max": 0.006992000000000109,
      "count": 1
    },
    "cutime": {
      "sum": 0.0,
      "avg": 0.0,
      "min": 0.0,
      "p10": 0.0,
      "median": 0.0,
      "p75": 0.0,
      "max": 0.0,
      "count": 1
    },
    "cstime": {
      "sum": 0.0,
      "avg": 0.0,
      "min": 0.0,
      "p10": 0.0,
      "median": 0.0,
      "p75": 0.0,
      "max": 0.0,
      "count": 1
    }
  }
}