{
  "time": {
    "rtime": 0.0583405,
    "utime": 0.001715000000000022,
    "stime": 0.006992000000000109,
    "cutime": 0.0,
    "cstime": 0.0
  }
}