{
  "time": {
    "rtime": 7.5430045,
    "utime": 0.081986,
    "stime": 0.31074999999999997,
    "cutime": 0.309769,
    "cstime": 1.105473
  },
  "mem": {
    "minor_gb": 0.03235560655593872,
    "promoted_gb": 0.0025640279054641724,
    "major_gb": 0.0030300691723823547,
    "allocated_gb": 0.0328216478228569,
    "minor_collections": 9,
    "major_collections": 1,
    "compactions": 0,
    "top_heap_gb": 0.003662109375,
    "stack_kb": 0.53125,
    "minor_heap_kb": 8192.0
  }
}