{
  "time": {
    "rtime": 6.8621568,
    "utime": 0.036036,
    "stime": 0.13826100000000002,
    "cutime": 0.361086,
    "cstime": 0.5205109999999999
  },
  "mem": {
    "minor_gb": 0.03235972672700882,
    "promoted_gb": 0.002568289637565613,
    "major_gb": 0.003034330904483795,
    "allocated_gb": 0.032825767993927,
    "minor_collections": 9,
    "major_collections": 1,
    "compactions": 0,
    "top_heap_gb": 0.003662109375,
    "stack_kb": 0.53125,
    "minor_heap_kb": 8192.0
  }
}