{
  "time": {
    "rtime": {
      "sum": 0.00044560000000000004,
      "avg": 0.00044560000000000004,
      "min": 0.00044560000000000004,
      "p10": 0.00044560000000000004,
      "median": 0.00044560000000000004,
      "p75": 0.00044560000000000004,
      "max": 0.00044560000000000004,
      "count": 1
    },
    "utime": {
      "sum": 0.00032799999999999496,
      "avg": 0.00032799999999999496,
      "min": 0.00032799999999999496,
      "p10": 0.00032799999999999496,
      "median": 0.00032799999999999496,
      "p75": 0.00032799999999999496,
      "max": 0.00032799999999999496,
      "count": 1
    },
    "stime": {
      "sum": 0.00011699999999999905,
      "avg": 0.00011699999999999905,
      "min": 0.00011699999999999905,
      "p10": 0.00011699999999999905,
      "median": 0.00011699999999999905,
      "p75": 0.00011699999999999905,
      "max": 0.00011699999999999905,
      "count": 1
    },
    "cutime": {
      "sum": 0.0,
      "avg": 0.0,
      "min": 0.0,
      "p10": 0.0,
      "median": 0.0,
      "p75": 0.0,
      "max": 0.0,
      "count": 1
    },
    "cstime": {
      "sum": 0.0,
      "avg": 0.0,
      "min": 0.0,
      "p10": 0.0,
      "median": 0.0,
      "p75": 0.0,
      "max": 0.0,
      "count": 1
    }
  }
}