{
  "time": {
    "rtime": 0.00044560000000000004,
    "utime": 0.00032799999999999496,
    "stime": 0.00011699999999999905,
    "cutime": 0.0,
    "cstime": 0.0
  }
}