{
  "time": {
    "rtime": 0.4003049,
    "utime": 0.062747,
    "stime": 0.040551000000000004,
    "cutime": 0.231773,
    "cstime": 0.058168
  },
  "mem": {
    "minor_gb": 0.03353987634181976,
    "promoted_gb": 0.0025547221302986145,
    "major_gb": 0.0030250847339630127,
    "allocated_gb": 0.03401023894548416,
    "minor_collections": 9,
    "major_collections": 1,
    "compactions": 0,
    "top_heap_gb": 0.003662109375,
    "stack_kb": 0.53125,
    "minor_heap_kb": 8192.0
  }
}