{
  "time": {
    "rtime": {
      "sum": 0.0002201,
      "avg": 0.0002201,
      "min": 0.0002201,
      "p10": 0.0002201,
      "median": 0.0002201,
      "p75": 0.0002201,
      "max": 0.0002201,
      "count": 1
    },
    "utime": {
      "sum": 0.00017600000000000254,
      "avg": 0.00017600000000000254,
      "min": 0.00017600000000000254,
      "p10": 0.00017600000000000254,
      "median": 0.00017600000000000254,
      "p75": 0.00017600000000000254,
      "max": 0.00017600000000000254,
      "count": 1
    },
    "stime": {
      "sum": 4.4000000000000636e-05,
      "avg": 4.4000000000000636e-05,
      "min": 4.4000000000000636e-05,
      "p10": 4.4000000000000636e-05,
      "median": 4.4000000000000636e-05,
      "p75": 4.4000000000000636e-05,
      "max": 4.4000000000000636e-05,
      "count": 1
    },
    "cutime": {
      "sum": 0.0,
      "avg": 0.0,
      "min": 0.0,
      "p10": 0.0,
      "median": 0.0,
      "p75": 0.0,
      "max": 0.0,
      "count": 1
    },
    "cstime": {
      "sum": 0.0,
      "avg": 0.0,
      "min": 0.0,
      "p10": 0.0,
      "median": 0.0,
      "p75": 0.0,
      "max": 0.0,
      "count": 1
    }
  }
}