{
  "time": {
    "rtime": 0.0002201,
    "utime": 0.00017600000000000254,
    "stime": 4.4000000000000636e-05,
    "cutime": 0.0,
    "cstime": 0.0
  }
}