{
  "time": {
    "rtime": {
      "sum": 24.162546600000002,
      "avg": 12.081273300000001,
      "min": 3.2397135,
      "p10": 12.081273300000001,
      "median": 12.081273300000001,
      "p75": 12.081273300000001,
      "max": 20.922833100000002,
      "count": 2
    },
    "utime": {
      "sum": 0.093863,
      "avg": 0.0469315,
      "min": 0.0017169999999999963,
      "p10": 0.0469315,
      "median": 0.0469315,
      "p75": 0.0469315,
      "max": 0.09214600000000001,
      "count": 2
    },
    "stime": {
      "sum": -0.044431,
      "avg": -0.0222155,
      "min": -0.05022599999999999,
      "p10": -0.0222155,
      "median": -0.0222155,
      "p75": -0.0222155,
      "max": 0.005794999999999995,
      "count": 2
    },
    "cutime": {
      "sum": 0.122478,
      "avg": 0.061239,
      "min": 0.0,
      "p10": 0.061239,
      "median": 0.061239,
      "p75": 0.061239,
      "max": 0.122478,
      "count": 2
    },
    "cstime": {
      "sum": 0.485309,
      "avg": 0.2426545,
      "min": 0.0,
      "p10": 0.2426545,
      "median": 0.2426545,
      "p75": 0.2426545,
      "max": 0.485309,
      "count": 2
    }
  },
  "mem": {
    "minor_gb": {
      "sum": 0.05870518833398819,
      "avg": 0.05870518833398819,
      "min": 0.05870518833398819,
      "p10": 0.05870518833398819,
      "median": 0.05870518833398819,
      "p75": 0.05870518833398819,
      "max": 0.05870518833398819,
      "count": 1
    },
    "promoted_gb": {
      "sum": 0.0025727152824401855,
      "avg": 0.0025727152824401855,
      "min": 0.0025727152824401855,
      "p10": 0.0025727152824401855,
      "median": 0.0025727152824401855,
      "p75": 0.0025727152824401855,
      "max": 0.0025727152824401855,
      "count": 1
    },
    "major_gb": {
      "sum": 0.00305388867855072,
      "avg": 0.00305388867855072,
      "min": 0.00305388867855072,
      "p10": 0.00305388867855072,
      "median": 0.00305388867855072,
      "p75": 0.00305388867855072,
      "max": 0.00305388867855072,
      "count": 1
    },
    "allocated_gb": {
      "sum": 0.059186361730098724,
      "avg": 0.059186361730098724,
      "min": 0.059186361730098724,
      "p10": 0.059186361730098724,
      "median": 0.059186361730098724,
      "p75": 0.059186361730098724,
      "max": 0.059186361730098724,
      "count": 1
    },
    "minor_collections": {
      "sum": 12.0,
      "avg": 12.0,
      "min": 12.0,
      "p10": 12.0,
      "median": 12.0,
      "p75": 12.0,
      "max": 12.0,
      "count": 1
    },
    "major_collections": {
      "sum": 1.0,
      "avg": 1.0,
      "min": 1.0,
      "p10": 1.0,
      "median": 1.0,
      "p75": 1.0,
      "max": 1.0,
      "count": 1
    },
    "compactions": {
      "sum": 0.0,
      "avg": 0.0,
      "min": 0.0,
      "p10": 0.0,
      "median": 0.0,
      "p75": 0.0,
      "max": 0.0,
      "count": 1
    },
    "top_heap_gb": {
      "sum": 0.003662109375,
      "avg": 0.003662109375,
      "min": 0.003662109375,
      "p10": 0.003662109375,
      "median": 0.003662109375,
      "p75": 0.003662109375,
      "max": 0.003662109375,
      "count": 1
    },
    "stack_kb": {
      "sum": 0.71875,
      "avg": 0.71875,
      "min": 0.71875,
      "p10": 0.71875,
      "median": 0.71875,
      "p75": 0.71875,
      "max": 0.71875,
      "count": 1
    },
    "minor_heap_kb": {
      "sum": 8192.0,
      "avg": 8192.0,
      "min": 8192.0,
      "p10": 8192.0,
      "median": 8192.0,
      "p75": 8192.0,
      "max": 8192.0,
      "count": 1
    }
  }
}