{
  "time": {
    "rtime": 20.922833100000002,
    "utime": 0.09214600000000001,
    "stime": -0.05022599999999999,
    "cutime": 0.0,
    "cstime": 0.0
  },
  "mem": {
    "minor_gb": 0.05870518833398819,
    "promoted_gb": 0.0025727152824401855,
    "major_gb": 0.00305388867855072,
    "allocated_gb": 0.059186361730098724,
    "minor_collections": 12,
    "major_collections": 1,
    "compactions": 0,
    "top_heap_gb": 0.003662109375,
    "stack_kb": 0.71875,
    "minor_heap_kb": 8192.0
  }
}