{
  "time": {
    "rtime": 3.2397135,
    "utime": 0.0017169999999999963,
    "stime": 0.005794999999999995,
    "cutime": 0.122478,
    "cstime": 0.485309
  }
}