{
  "time": {
    "rtime": {
      "sum": 7.6842956000000004,
      "avg": 3.8421478000000002,
      "min": 1.1986128,
      "p10": 3.8421478000000002,
      "median": 3.8421478000000002,
      "p75": 3.8421478000000002,
      "max": 6.4856828,
      "count": 2
    },
    "utime": {
      "sum": 0.19629000000000002,
      "avg": 0.09814500000000001,
      "min": 0.00037000000000000227,
      "p10": 0.09814500000000001,
      "median": 0.09814500000000001,
      "p75": 0.09814500000000001,
      "max": 0.19592,
      "count": 2
    },
    "stime": {
      "sum": -0.06909500000000002,
      "avg": -0.03454750000000001,
      "min": -0.07069700000000001,
      "p10": -0.03454750000000001,
      "median": -0.03454750000000001,
      "p75": -0.03454750000000001,
      "max": 0.0016019999999999923,
      "count": 2
    },
    "cutime": {
      "sum": 0.21704300000000004,
      "avg": 0.10852150000000002,
      "min": 0.0,
      "p10": 0.10852150000000002,
      "median": 0.10852150000000002,
      "p75": 0.10852150000000002,
      "max": 0.21704300000000004,
      "count": 2
    },
    "cstime": {
      "sum": 0.031006000000000034,
      "avg": 0.015503000000000017,
      "min": 0.0,
      "p10": 0.015503000000000017,
      "median": 0.015503000000000017,
      "p75": 0.015503000000000017,
      "max": 0.031006000000000034,
      "count": 2
    }
  },
  "mem": {
    "minor_gb": {
      "sum": 0.10172513127326965,
      "avg": 0.10172513127326965,
      "min": 0.10172513127326965,
      "p10": 0.10172513127326965,
      "median": 0.10172513127326965,
      "p75": 0.10172513127326965,
      "max": 0.10172513127326965,
      "count": 1
    },
    "promoted_gb": {
      "sum": 0.0028258562088012695,
      "avg": 0.0028258562088012695,
      "min": 0.0028258562088012695,
      "p10": 0.0028258562088012695,
      "median": 0.0028258562088012695,
      "p75": 0.0028258562088012695,
      "max": 0.0028258562088012695,
      "count": 1
    },
    "major_gb": {
      "sum": 0.0034159421920776367,
      "avg": 0.0034159421920776367,
      "min": 0.0034159421920776367,
      "p10": 0.0034159421920776367,
      "median": 0.0034159421920776367,
      "p75": 0.0034159421920776367,
      "max": 0.0034159421920776367,
      "count": 1
    },
    "allocated_gb": {
      "sum": 0.10231521725654602,
      "avg": 0.10231521725654602,
      "min": 0.10231521725654602,
      "p10": 0.10231521725654602,
      "median": 0.10231521725654602,
      "p75": 0.10231521725654602,
      "max": 0.10231521725654602,
      "count": 1
    },
    "minor_collections": {
      "sum": 17.0,
      "avg": 17.0,
      "min": 17.0,
      "p10": 17.0,
      "median": 17.0,
      "p75": 17.0,
      "max": 17.0,
      "count": 1
    },
    "major_collections": {
      "sum": 1.0,
      "avg": 1.0,
      "min": 1.0,
      "p10": 1.0,
      "median": 1.0,
      "p75": 1.0,
      "max": 1.0,
      "count": 1
    },
    "compactions": {
      "sum": 0.0,
      "avg": 0.0,
      "min": 0.0,
      "p10": 0.0,
      "median": 0.0,
      "p75": 0.0,
      "max": 0.0,
      "count": 1
    },
    "top_heap_gb": {
      "sum": 0.003662109375,
      "avg": 0.003662109375,
      "min": 0.003662109375,
      "p10": 0.003662109375,
      "median": 0.003662109375,
      "p75": 0.003662109375,
      "max": 0.003662109375,
      "count": 1
    },
    "stack_kb": {
      "sum": 0.71875,
      "avg": 0.71875,
      "min": 0.71875,
      "p10": 0.71875,
      "median": 0.71875,
      "p75": 0.71875,
      "max": 0.71875,
      "count": 1
    },
    "minor_heap_kb": {
      "sum": 8192.0,
      "avg": 8192.0,
      "min": 8192.0,
      "p10": 8192.0,
      "median": 8192.0,
      "p75": 8192.0,
      "max": 8192.0,
      "count": 1
    }
  }
}