{
  "time": {
    "rtime": {
      "sum": 0.3580842,
      "avg": 0.1790421,
      "min": 0.048946300000000005,
      "p10": 0.1790421,
      "median": 0.1790421,
      "p75": 0.1790421,
      "max": 0.3091379,
      "count": 2
    },
    "utime": {
      "sum": -0.04708300000000002,
      "avg": -0.02354150000000001,
      "min": -0.047984000000000006,
      "p10": -0.02354150000000001,
      "median": -0.02354150000000001,
      "p75": -0.02354150000000001,
      "max": 0.0009009999999999851,
      "count": 2
    },
    "stime": {
      "sum": 0.022874,
      "avg": 0.011437,
      "min": 0.0,
      "p10": 0.011437,
      "median": 0.011437,
      "p75": 0.011437,
      "max": 0.022874,
      "count": 2
    },
    "cutime": {
      "sum": 0.02523700000000001,
      "avg": 0.012618500000000005,
      "min": 0.0,
      "p10": 0.012618500000000005,
      "median": 0.012618500000000005,
      "p75": 0.012618500000000005,
      "max": 0.02523700000000001,
      "count": 2
    },
    "cstime": {
      "sum": 0.022874000000000002,
      "avg": 0.011437000000000001,
      "min": 0.0,
      "p10": 0.011437000000000001,
      "median": 0.011437000000000001,
      "p75": 0.011437000000000001,
      "max": 0.022874000000000002,
      "count": 2
    }
  },
  "mem": {
    "minor_gb": {
      "sum": 0.10284081846475601,
      "avg": 0.10284081846475601,
      "min": 0.10284081846475601,
      "p10": 0.10284081846475601,
      "median": 0.10284081846475601,
      "p75": 0.10284081846475601,
      "max": 0.10284081846475601,
      "count": 1
    },
    "promoted_gb": {
      "sum": 0.0029280483722686768,
      "avg": 0.0029280483722686768,
      "min": 0.0029280483722686768,
      "p10": 0.0029280483722686768,
      "median": 0.0029280483722686768,
      "p75": 0.0029280483722686768,
      "max": 0.0029280483722686768,
      "count": 1
    },
    "major_gb": {
      "sum": 0.003518134355545044,
      "avg": 0.003518134355545044,
      "min": 0.003518134355545044,
      "p10": 0.003518134355545044,
      "median": 0.003518134355545044,
      "p75": 0.003518134355545044,
      "max": 0.003518134355545044,
      "count": 1
    },
    "allocated_gb": {
      "sum": 0.10343090444803238,
      "avg": 0.10343090444803238,
      "min": 0.10343090444803238,
      "p10": 0.10343090444803238,
      "median": 0.10343090444803238,
      "p75": 0.10343090444803238,
      "max": 0.10343090444803238,
      "count": 1
    },
    "minor_collections": {
      "sum": 18.0,
      "avg": 18.0,
      "min": 18.0,
      "p10": 18.0,
      "median": 18.0,
      "p75": 18.0,
      "max": 18.0,
      "count": 1
    },
    "major_collections": {
      "sum": 1.0,
      "avg": 1.0,
      "min": 1.0,
      "p10": 1.0,
      "median": 1.0,
      "p75": 1.0,
      "max": 1.0,
      "count": 1
    },
    "compactions": {
      "sum": 0.0,
      "avg": 0.0,
      "min": 0.0,
      "p10": 0.0,
      "median": 0.0,
      "p75": 0.0,
      "max": 0.0,
      "count": 1
    },
    "top_heap_gb": {
      "sum": 0.003662109375,
      "avg": 0.003662109375,
      "min": 0.003662109375,
      "p10": 0.003662109375,
      "median": 0.003662109375,
      "p75": 0.003662109375,
      "max": 0.003662109375,
      "count": 1
    },
    "stack_kb": {
      "sum": 0.71875,
      "avg": 0.71875,
      "min": 0.71875,
      "p10": 0.71875,
      "median": 0.71875,
      "p75": 0.71875,
      "max": 0.71875,
      "count": 1
    },
    "minor_heap_kb": {
      "sum": 8192.0,
      "avg": 8192.0,
      "min": 8192.0,
      "p10": 8192.0,
      "median": 8192.0,
      "p75": 8192.0,
      "max": 8192.0,
      "count": 1
    }
  }
}