{
  "time": {
    "rtime": {
      "sum": 8.261892900000001,
      "avg": 4.130946450000001,
      "min": 1.1924091,
      "p10": 4.130946450000001,
      "median": 4.130946450000001,
      "p75": 4.130946450000001,
      "max": 7.0694838,
      "count": 2
    },
    "utime": {
      "sum": 0.13404,
      "avg": 0.06702,
      "min": 0.00032300000000000384,
      "p10": 0.06702,
      "median": 0.06702,
      "p75": 0.06702,
      "max": 0.133717,
      "count": 2
    },
    "stime": {
      "sum": -0.31644800000000006,
      "avg": -0.15822400000000003,
      "min": -0.319033,
      "p10": -0.15822400000000003,
      "median": -0.15822400000000003,
      "p75": -0.15822400000000003,
      "max": 0.0025849999999999485,
      "count": 2
    },
    "cutime": {
      "sum": 0.144502,
      "avg": 0.072251,
      "min": 0.0,
      "p10": 0.072251,
      "median": 0.072251,
      "p75": 0.072251,
      "max": 0.144502,
      "count": 2
    },
    "cstime": {
      "sum": 0.11749599999999993,
      "avg": 0.05874799999999997,
      "min": 0.0,
      "p10": 0.05874799999999997,
      "median": 0.05874799999999997,
      "p75": 0.05874799999999997,
      "max": 0.11749599999999993,
      "count": 2
    }
  },
  "mem": {
    "minor_gb": {
      "sum": 0.10172595083713531,
      "avg": 0.10172595083713531,
      "min": 0.10172595083713531,
      "p10": 0.10172595083713531,
      "median": 0.10172595083713531,
      "p75": 0.10172595083713531,
      "max": 0.10172595083713531,
      "count": 1
    },
    "promoted_gb": {
      "sum": 0.0028258562088012695,
      "avg": 0.0028258562088012695,
      "min": 0.0028258562088012695,
      "p10": 0.0028258562088012695,
      "median": 0.0028258562088012695,
      "p75": 0.0028258562088012695,
      "max": 0.0028258562088012695,
      "count": 1
    },
    "major_gb": {
      "sum": 0.0034159421920776367,
      "avg": 0.0034159421920776367,
      "min": 0.0034159421920776367,
      "p10": 0.0034159421920776367,
      "median": 0.0034159421920776367,
      "p75": 0.0034159421920776367,
      "max": 0.0034159421920776367,
      "count": 1
    },
    "allocated_gb": {
      "sum": 0.10231603682041168,
      "avg": 0.10231603682041168,
      "min": 0.10231603682041168,
      "p10": 0.10231603682041168,
      "median": 0.10231603682041168,
      "p75": 0.10231603682041168,
      "max": 0.10231603682041168,
      "count": 1
    },
    "minor_collections": {
      "sum": 17.0,
      "avg": 17.0,
      "min": 17.0,
      "p10": 17.0,
      "median": 17.0,
      "p75": 17.0,
      "max": 17.0,
      "count": 1
    },
    "major_collections": {
      "sum": 1.0,
      "avg": 1.0,
      "min": 1.0,
      "p10": 1.0,
      "median": 1.0,
      "p75": 1.0,
      "max": 1.0,
      "count": 1
    },
    "compactions": {
      "sum": 0.0,
      "avg": 0.0,
      "min": 0.0,
      "p10": 0.0,
      "median": 0.0,
      "p75": 0.0,
      "max": 0.0,
      "count": 1
    },
    "top_heap_gb": {
      "sum": 0.003662109375,
      "avg": 0.003662109375,
      "min": 0.003662109375,
      "p10": 0.003662109375,
      "median": 0.003662109375,
      "p75": 0.003662109375,
      "max": 0.003662109375,
      "count": 1
    },
    "stack_kb": {
      "sum": 0.71875,
      "avg": 0.71875,
      "min": 0.71875,
      "p10": 0.71875,
      "median": 0.71875,
      "p75": 0.71875,
      "max": 0.71875,
      "count": 1
    },
    "minor_heap_kb": {
      "sum": 8192.0,
      "avg": 8192.0,
      "min": 8192.0,
      "p10": 8192.0,
      "median": 8192.0,
      "p75": 8192.0,
      "max": 8192.0,
      "count": 1
    }
  }
}