{
  "time": {
    "rtime": {
      "sum": 5.2363736,
      "avg": 2.6181868,
      "min": 1.1506928,
      "p10": 2.6181868,
      "median": 2.6181868,
      "p75": 2.6181868,
      "max": 4.0856808000000004,
      "count": 2
    },
    "utime": {
      "sum": 0.12904900000000002,
      "avg": 0.06452450000000001,
      "min": 0.0016280000000000183,
      "p10": 0.06452450000000001,
      "median": 0.06452450000000001,
      "p75": 0.06452450000000001,
      "max": 0.127421,
      "count": 2
    },
    "stime": {
      "sum": -0.0022169999999999968,
      "avg": -0.0011084999999999984,
      "min": -0.0022169999999999968,
      "p10": -0.0011084999999999984,
      "median": -0.0011084999999999984,
      "p75": -0.0011084999999999984,
      "max": 0.0,
      "count": 2
    },
    "cutime": {
      "sum": 0.130076,
      "avg": 0.065038,
      "min": 0.0,
      "p10": 0.065038,
      "median": 0.065038,
      "p75": 0.065038,
      "max": 0.130076,
      "count": 2
    },
    "cstime": {
      "sum": 0.09460099999999999,
      "avg": 0.047300499999999995,
      "min": 0.0,
      "p10": 0.047300499999999995,
      "median": 0.047300499999999995,
      "p75": 0.047300499999999995,
      "max": 0.09460099999999999,
      "count": 2
    }
  },
  "mem": {
    "minor_gb": {
      "sum": 0.10231861472129822,
      "avg": 0.10231861472129822,
      "min": 0.10231861472129822,
      "p10": 0.10231861472129822,
      "median": 0.10231861472129822,
      "p75": 0.10231861472129822,
      "max": 0.10231861472129822,
      "count": 1
    },
    "promoted_gb": {
      "sum": 0.0028345435857772827,
      "avg": 0.0028345435857772827,
      "min": 0.0028345435857772827,
      "p10": 0.0028345435857772827,
      "median": 0.0028345435857772827,
      "p75": 0.0028345435857772827,
      "max": 0.0028345435857772827,
      "count": 1
    },
    "major_gb": {
      "sum": 0.0034291669726371765,
      "avg": 0.0034291669726371765,
      "min": 0.0034291669726371765,
      "p10": 0.0034291669726371765,
      "median": 0.0034291669726371765,
      "p75": 0.0034291669726371765,
      "max": 0.0034291669726371765,
      "count": 1
    },
    "allocated_gb": {
      "sum": 0.10291323810815811,
      "avg": 0.10291323810815811,
      "min": 0.10291323810815811,
      "p10": 0.10291323810815811,
      "median": 0.10291323810815811,
      "p75": 0.10291323810815811,
      "max": 0.10291323810815811,
      "count": 1
    },
    "minor_collections": {
      "sum": 17.0,
      "avg": 17.0,
      "min": 17.0,
      "p10": 17.0,
      "median": 17.0,
      "p75": 17.0,
      "max": 17.0,
      "count": 1
    },
    "major_collections": {
      "sum": 1.0,
      "avg": 1.0,
      "min": 1.0,
      "p10": 1.0,
      "median": 1.0,
      "p75": 1.0,
      "max": 1.0,
      "count": 1
    },
    "compactions": {
      "sum": 0.0,
      "avg": 0.0,
      "min": 0.0,
      "p10": 0.0,
      "median": 0.0,
      "p75": 0.0,
      "max": 0.0,
      "count": 1
    },
    "top_heap_gb": {
      "sum": 0.003662109375,
      "avg": 0.003662109375,
      "min": 0.003662109375,
      "p10": 0.003662109375,
      "median": 0.003662109375,
      "p75": 0.003662109375,
      "max": 0.003662109375,
      "count": 1
    },
    "stack_kb": {
      "sum": 0.71875,
      "avg": 0.71875,
      "min": 0.71875,
      "p10": 0.71875,
      "median": 0.71875,
      "p75": 0.71875,
      "max": 0.71875,
      "count": 1
    },
    "minor_heap_kb": {
      "sum": 8192.0,
      "avg": 8192.0,
      "min": 8192.0,
      "p10": 8192.0,
      "median": 8192.0,
      "p75": 8192.0,
      "max": 8192.0,
      "count": 1
    }
  }
}