{
  "time": {
    "rtime": 1.1506928,
    "utime": 0.0016280000000000183,
    "stime": 0.0,
    "cutime": 0.130076,
    "cstime": 0.09460099999999999
  }
}