{
  "time": {
    "rtime": 0.048946300000000005,
    "utime": 0.0009009999999999851,
    "stime": 0.0,
    "cutime": 0.02523700000000001,
    "cstime": 0.022874000000000002
  }
}