{
  "time": {
    "rtime": 7.0694838,
    "utime": 0.133717,
    "stime": -0.319033,
    "cutime": 0.0,
    "cstime": 0.0
  },
  "mem": {
    "minor_gb": 0.10172595083713531,
    "promoted_gb": 0.0028258562088012695,
    "major_gb": 0.0034159421920776367,
    "allocated_gb": 0.10231603682041168,
    "minor_collections": 17,
    "major_collections": 1,
    "compactions": 0,
    "top_heap_gb": 0.003662109375,
    "stack_kb": 0.71875,
    "minor_heap_kb": 8192.0
  }
}