{
  "time": {
    "rtime": 1.1924091,
    "utime": 0.00032300000000000384,
    "stime": 0.0025849999999999485,
    "cutime": 0.144502,
    "cstime": 0.11749599999999993
  }
}