{
  "time": {
    "rtime": 0.3091379,
    "utime": -0.047984000000000006,
    "stime": 0.022874,
    "cutime": 0.0,
    "cstime": 0.0
  },
  "mem": {
    "minor_gb": 0.10284081846475601,
    "promoted_gb": 0.0029280483722686768,
    "major_gb": 0.003518134355545044,
    "allocated_gb": 0.10343090444803238,
    "minor_collections": 18,
    "major_collections": 1,
    "compactions": 0,
    "top_heap_gb": 0.003662109375,
    "stack_kb": 0.71875,
    "minor_heap_kb": 8192.0
  }
}