{
  "time": {
    "rtime": 1.1986128,
    "utime": 0.00037000000000000227,
    "stime": 0.0016019999999999923,
    "cutime": 0.21704300000000004,
    "cstime": 0.031006000000000034
  }
}