{
  "time": {
    "rtime": 22.63214,
    "utime": 0.207557,
    "stime": 0.33184499999999995,
    "cutime": 0.359292,
    "cstime": 2.814244
  },
  "mem": {
    "minor_gb": 0.03124997764825821,
    "promoted_gb": 0.002456776797771454,
    "major_gb": 0.0028803199529647827,
    "allocated_gb": 0.03167352080345154,
    "minor_collections": 8,
    "major_collections": 1,
    "compactions": 0,
    "top_heap_gb": 0.003662109375,
    "stack_kb": 0.53125,
    "minor_heap_kb": 8192.0
  }
}