{
  "time": {
    "rtime": 7.5374762,
    "utime": 0.081914,
    "stime": 0.31016999999999995,
    "cutime": 0.309769,
    "cstime": 1.105473
  },
  "mem": {
    "minor_gb": 0.032292209565639496,
    "promoted_gb": 0.0025640279054641724,
    "major_gb": 0.0030300691723823547,
    "allocated_gb": 0.03275825083255768,
    "minor_collections": 9,
    "major_collections": 1,
    "compactions": 0,
    "top_heap_gb": 0.003662109375,
    "stack_kb": 0.53125,
    "minor_heap_kb": 8192.0
  }
}