{
  "time": {
    "rtime": {
      "sum": 0.018507000000000003,
      "avg": 0.018507000000000003,
      "min": 0.018507000000000003,
      "p10": 0.018507000000000003,
      "median": 0.018507000000000003,
      "p75": 0.018507000000000003,
      "max": 0.018507000000000003,
      "count": 1
    },
    "utime": {
      "sum": 0.00047900000000000026,
      "avg": 0.00047900000000000026,
      "min": 0.00047900000000000026,
      "p10": 0.00047900000000000026,
      "median": 0.00047900000000000026,
      "p75": 0.00047900000000000026,
      "max": 0.00047900000000000026,
      "count": 1
    },
    "stime": {
      "sum": 0.0020730000000000193,
      "avg": 0.0020730000000000193,
      "min": 0.0020730000000000193,
      "p10": 0.0020730000000000193,
      "median": 0.0020730000000000193,
      "p75": 0.0020730000000000193,
      "max": 0.0020730000000000193,
      "count": 1
    },
    "cutime": {
      "sum": 0.0,
      "avg": 0.0,
      "min": 0.0,
      "p10": 0.0,
      "median": 0.0,
      "p75": 0.0,
      "max": 0.0,
      "count": 1
    },
    "cstime": {
      "sum": 0.0,
      "avg": 0.0,
      "min": 0.0,
      "p10": 0.0,
      "median": 0.0,
      "p75": 0.0,
      "max": 0.0,
      "count": 1
    }
  }
}