{
  "time": {
    "rtime": {
      "sum": 0.016489,
      "avg": 0.016489,
      "min": 0.016489,
      "p10": 0.016489,
      "median": 0.016489,
      "p75": 0.016489,
      "max": 0.016489,
      "count": 1
    },
    "utime": {
      "sum": 0.00026299999999999935,
      "avg": 0.00026299999999999935,
      "min": 0.00026299999999999935,
      "p10": 0.00026299999999999935,
      "median": 0.00026299999999999935,
      "p75": 0.00026299999999999935,
      "max": 0.00026299999999999935,
      "count": 1
    },
    "stime": {
      "sum": 0.0021020000000000483,
      "avg": 0.0021020000000000483,
      "min": 0.0021020000000000483,
      "p10": 0.0021020000000000483,
      "median": 0.0021020000000000483,
      "p75": 0.0021020000000000483,
      "max": 0.0021020000000000483,
      "count": 1
    },
    "cutime": {
      "sum": 0.0,
      "avg": 0.0,
      "min": 0.0,
      "p10": 0.0,
      "median": 0.0,
      "p75": 0.0,
      "max": 0.0,
      "count": 1
    },
    "cstime": {
      "sum": 0.0,
      "avg": 0.0,
      "min": 0.0,
      "p10": 0.0,
      "median": 0.0,
      "p75": 0.0,
      "max": 0.0,
      "count": 1
    }
  }
}