{
  "time": {
    "rtime": {
      "sum": 0.00042740000000000003,
      "avg": 0.00042740000000000003,
      "min": 0.00042740000000000003,
      "p10": 0.00042740000000000003,
      "median": 0.00042740000000000003,
      "p75": 0.00042740000000000003,
      "max": 0.00042740000000000003,
      "count": 1
    },
    "utime": {
      "sum": 0.00042699999999998295,
      "avg": 0.00042699999999998295,
      "min": 0.00042699999999998295,
      "p10": 0.00042699999999998295,
      "median": 0.00042699999999998295,
      "p75": 0.00042699999999998295,
      "max": 0.00042699999999998295,
      "count": 1
    },
    "stime": {
      "sum": 0.0,
      "avg": 0.0,
      "min": 0.0,
      "p10": 0.0,
      "median": 0.0,
      "p75": 0.0,
      "max": 0.0,
      "count": 1
    },
    "cutime": {
      "sum": 0.0,
      "avg": 0.0,
      "min": 0.0,
      "p10": 0.0,
      "median": 0.0,
      "p75": 0.0,
      "max": 0.0,
      "count": 1
    },
    "cstime": {
      "sum": 0.0,
      "avg": 0.0,
      "min": 0.0,
      "p10": 0.0,
      "median": 0.0,
      "p75": 0.0,
      "max": 0.0,
      "count": 1
    }
  }
}