{
  "time": {
    "rtime": 0.0158504,
    "utime": 0.002708999999999989,
    "stime": 0.0,
    "cutime": 0.0,
    "cstime": 0.0
  }
}