{
  "time": {
    "rtime": 0.00042740000000000003,
    "utime": 0.00042699999999998295,
    "stime": 0.0,
    "cutime": 0.0,
    "cstime": 0.0
  }
}