{
  "time": {
    "rtime": 0.016489,
    "utime": 0.00026299999999999935,
    "stime": 0.0021020000000000483,
    "cutime": 0.0,
    "cstime": 0.0
  }
}