{
  "time": {
    "rtime": 0.018507000000000003,
    "utime": 0.00047900000000000026,
    "stime": 0.0020730000000000193,
    "cutime": 0.0,
    "cstime": 0.0
  }
}