{
  "time": {
    "rtime": {
      "sum": 0.0001666,
      "avg": 0.0001666,
      "min": 0.0001666,
      "p10": 0.0001666,
      "median": 0.0001666,
      "p75": 0.0001666,
      "max": 0.0001666,
      "count": 1
    },
    "utime": {
      "sum": 8.400000000000074e-05,
      "avg": 8.400000000000074e-05,
      "min": 8.400000000000074e-05,
      "p10": 8.400000000000074e-05,
      "median": 8.400000000000074e-05,
      "p75": 8.400000000000074e-05,
      "max": 8.400000000000074e-05,
      "count": 1
    },
    "stime": {
      "sum": 8.400000000000074e-05,
      "avg": 8.400000000000074e-05,
      "min": 8.400000000000074e-05,
      "p10": 8.400000000000074e-05,
      "median": 8.400000000000074e-05,
      "p75": 8.400000000000074e-05,
      "max": 8.400000000000074e-05,
      "count": 1
    },
    "cutime": {
      "sum": 0.0,
      "avg": 0.0,
      "min": 0.0,
      "p10": 0.0,
      "median": 0.0,
      "p75": 0.0,
      "max": 0.0,
      "count": 1
    },
    "cstime": {
      "sum": 0.0,
      "avg": 0.0,
      "min": 0.0,
      "p10": 0.0,
      "median": 0.0,
      "p75": 0.0,
      "max": 0.0,
      "count": 1
    }
  }
}