{
  "time": {
    "rtime": 0.0001666,
    "utime": 8.400000000000074e-05,
    "stime": 8.400000000000074e-05,
    "cutime": 0.0,
    "cstime": 0.0
  }
}