{
  "time": {
    "rtime": {
      "sum": 0.1350982,
      "avg": 0.0675491,
      "min": 0.0297905,
      "p10": 0.0675491,
      "median": 0.0675491,
      "p75": 0.0675491,
      "max": 0.1053077,
      "count": 2
    },
    "utime": {
      "sum": 0.010272000000000002,
      "avg": 0.005136000000000001,
      "min": 0.0009370000000000003,
      "p10": 0.005136000000000001,
      "median": 0.005136000000000001,
      "p75": 0.005136000000000001,
      "max": 0.009335000000000001,
      "count": 2
    },
    "stime": {
      "sum": 0.008576,
      "avg": 0.004288,
      "min": 0.0,
      "p10": 0.004288,
      "median": 0.004288,
      "p75": 0.004288,
      "max": 0.008576,
      "count": 2
    },
    "cutime": {
      "sum": 0.019275,
      "avg": 0.0096375,
      "min": 0.0,
      "p10": 0.0096375,
      "median": 0.0096375,
      "p75": 0.0096375,
      "max": 0.019275,
      "count": 2
    },
    "cstime": {
      "sum": 0.009637000000000001,
      "avg": 0.004818500000000001,
      "min": 0.0,
      "p10": 0.004818500000000001,
      "median": 0.004818500000000001,
      "p75": 0.004818500000000001,
      "max": 0.009637000000000001,
      "count": 2
    }
  },
  "mem": {
    "minor_gb": {
      "sum": 0.05661049485206604,
      "avg": 0.05661049485206604,
      "min": 0.05661049485206604,
      "p10": 0.05661049485206604,
      "median": 0.05661049485206604,
      "p75": 0.05661049485206604,
      "max": 0.05661049485206604,
      "count": 1
    },
    "promoted_gb": {
      "sum": 0.0026106610894203186,
      "avg": 0.0026106610894203186,
      "min": 0.0026106610894203186,
      "p10": 0.0026106610894203186,
      "median": 0.0026106610894203186,
      "p75": 0.0026106610894203186,
      "max": 0.0026106610894203186,
      "count": 1
    },
    "major_gb": {
      "sum": 0.0031221210956573486,
      "avg": 0.0031221210956573486,
      "min": 0.0031221210956573486,
      "p10": 0.0031221210956573486,
      "median": 0.0031221210956573486,
      "p75": 0.0031221210956573486,
      "max": 0.0031221210956573486,
      "count": 1
    },
    "allocated_gb": {
      "sum": 0.05712195485830307,
      "avg": 0.05712195485830307,
      "min": 0.05712195485830307,
      "p10": 0.05712195485830307,
      "median": 0.05712195485830307,
      "p75": 0.05712195485830307,
      "max": 0.05712195485830307,
      "count": 1
    },
    "minor_collections": {
      "sum": 12.0,
      "avg": 12.0,
      "min": 12.0,
      "p10": 12.0,
      "median": 12.0,
      "p75": 12.0,
      "max": 12.0,
      "count": 1
    },
    "major_collections": {
      "sum": 1.0,
      "avg": 1.0,
      "min": 1.0,
      "p10": 1.0,
      "median": 1.0,
      "p75": 1.0,
      "max": 1.0,
      "count": 1
    },
    "compactions": {
      "sum": 0.0,
      "avg": 0.0,
      "min": 0.0,
      "p10": 0.0,
      "median": 0.0,
      "p75": 0.0,
      "max": 0.0,
      "count": 1
    },
    "top_heap_gb": {
      "sum": 0.003662109375,
      "avg": 0.003662109375,
      "min": 0.003662109375,
      "p10": 0.003662109375,
      "median": 0.003662109375,
      "p75": 0.003662109375,
      "max": 0.003662109375,
      "count": 1
    },
    "stack_kb": {
      "sum": 0.71875,
      "avg": 0.71875,
      "min": 0.71875,
      "p10": 0.71875,
      "median": 0.71875,
      "p75": 0.71875,
      "max": 0.71875,
      "count": 1
    },
    "minor_heap_kb": {
      "sum": 8192.0,
      "avg": 8192.0,
      "min": 8192.0,
      "p10": 8192.0,
      "median": 8192.0,
      "p75": 8192.0,
      "max": 8192.0,
      "count": 1
    }
  }
}