{
  "time": {
    "rtime": 0.1053077,
    "utime": 0.009335000000000001,
    "stime": 0.008576,
    "cutime": 0.0,
    "cstime": 0.0
  },
  "mem": {
    "minor_gb": 0.05661049485206604,
    "promoted_gb": 0.0026106610894203186,
    "major_gb": 0.0031221210956573486,
    "allocated_gb": 0.05712195485830307,
    "minor_collections": 12,
    "major_collections": 1,
    "compactions": 0,
    "top_heap_gb": 0.003662109375,
    "stack_kb": 0.71875,
    "minor_heap_kb": 8192.0
  }
}