{
  "time": {
    "rtime": 0.0297905,
    "utime": 0.0009370000000000003,
    "stime": 0.0,
    "cutime": 0.019275,
    "cstime": 0.009637000000000001
  }
}