{
  "time": {
    "rtime": 0.6758730000000001,
    "utime": 0.027754,
    "stime": 0.011931,
    "cutime": 0.584283,
    "cstime": 0.039766
  },
  "mem": {
    "minor_gb": 0.03377646952867508,
    "promoted_gb": 0.0025381669402122498,
    "major_gb": 0.0030160173773765564,
    "allocated_gb": 0.034254319965839386,
    "minor_collections": 9,
    "major_collections": 1,
    "compactions": 0,
    "top_heap_gb": 0.003662109375,
    "stack_kb": 0.53125,
    "minor_heap_kb": 8192.0
  }
}