{
  "time": {
    "rtime": {
      "sum": 0.3223345,
      "avg": 0.16116725,
      "min": 0.0386185,
      "p10": 0.16116725,
      "median": 0.16116725,
      "p75": 0.16116725,
      "max": 0.283716,
      "count": 2
    },
    "utime": {
      "sum": -0.03809,
      "avg": -0.019045,
      "min": -0.038844000000000004,
      "p10": -0.019045,
      "median": -0.019045,
      "p75": -0.019045,
      "max": 0.0007540000000000047,
      "count": 2
    },
    "stime": {
      "sum": -0.009122999999999999,
      "avg": -0.0045615,
      "min": -0.009231,
      "p10": -0.0045615,
      "median": -0.0045615,
      "p75": -0.0045615,
      "max": 0.00010800000000000046,
      "count": 2
    },
    "cutime": {
      "sum": 0.03501199999999999,
      "avg": 0.017505999999999994,
      "min": 0.0,
      "p10": 0.017505999999999994,
      "median": 0.017505999999999994,
      "p75": 0.017505999999999994,
      "max": 0.03501199999999999,
      "count": 2
    },
    "cstime": {
      "sum": 0.002796999999999999,
      "avg": 0.0013984999999999996,
      "min": 0.0,
      "p10": 0.0013984999999999996,
      "median": 0.0013984999999999996,
      "p75": 0.0013984999999999996,
      "max": 0.002796999999999999,
      "count": 2
    }
  },
  "mem": {
    "minor_gb": {
      "sum": 0.07124572992324829,
      "avg": 0.07124572992324829,
      "min": 0.07124572992324829,
      "p10": 0.07124572992324829,
      "median": 0.07124572992324829,
      "p75": 0.07124572992324829,
      "max": 0.07124572992324829,
      "count": 1
    },
    "promoted_gb": {
      "sum": 0.002661287784576416,
      "avg": 0.002661287784576416,
      "min": 0.002661287784576416,
      "p10": 0.002661287784576416,
      "median": 0.002661287784576416,
      "p75": 0.002661287784576416,
      "max": 0.002661287784576416,
      "count": 1
    },
    "major_gb": {
      "sum": 0.0031419843435287476,
      "avg": 0.0031419843435287476,
      "min": 0.0031419843435287476,
      "p10": 0.0031419843435287476,
      "median": 0.0031419843435287476,
      "p75": 0.0031419843435287476,
      "max": 0.0031419843435287476,
      "count": 1
    },
    "allocated_gb": {
      "sum": 0.07172642648220062,
      "avg": 0.07172642648220062,
      "min": 0.07172642648220062,
      "p10": 0.07172642648220062,
      "median": 0.07172642648220062,
      "p75": 0.07172642648220062,
      "max": 0.07172642648220062,
      "count": 1
    },
    "minor_collections": {
      "sum": 14.0,
      "avg": 14.0,
      "min": 14.0,
      "p10": 14.0,
      "median": 14.0,
      "p75": 14.0,
      "max": 14.0,
      "count": 1
    },
    "major_collections": {
      "sum": 1.0,
      "avg": 1.0,
      "min": 1.0,
      "p10": 1.0,
      "median": 1.0,
      "p75": 1.0,
      "max": 1.0,
      "count": 1
    },
    "compactions": {
      "sum": 0.0,
      "avg": 0.0,
      "min": 0.0,
      "p10": 0.0,
      "median": 0.0,
      "p75": 0.0,
      "max": 0.0,
      "count": 1
    },
    "top_heap_gb": {
      "sum": 0.003662109375,
      "avg": 0.003662109375,
      "min": 0.003662109375,
      "p10": 0.003662109375,
      "median": 0.003662109375,
      "p75": 0.003662109375,
      "max": 0.003662109375,
      "count": 1
    },
    "stack_kb": {
      "sum": 0.71875,
      "avg": 0.71875,
      "min": 0.71875,
      "p10": 0.71875,
      "median": 0.71875,
      "p75": 0.71875,
      "max": 0.71875,
      "count": 1
    },
    "minor_heap_kb": {
      "sum": 8192.0,
      "avg": 8192.0,
      "min": 8192.0,
      "p10": 8192.0,
      "median": 8192.0,
      "p75": 8192.0,
      "max": 8192.0,
      "count": 1
    }
  }
}