{
  "time": {
    "rtime": 0.0386185,
    "utime": 0.0007540000000000047,
    "stime": 0.00010800000000000046,
    "cutime": 0.03501199999999999,
    "cstime": 0.002796999999999999
  }
}