{
  "time": {
    "rtime": 0.283716,
    "utime": -0.038844000000000004,
    "stime": -0.009231,
    "cutime": 0.0,
    "cstime": 0.0
  },
  "mem": {
    "minor_gb": 0.07124572992324829,
    "promoted_gb": 0.002661287784576416,
    "major_gb": 0.0031419843435287476,
    "allocated_gb": 0.07172642648220062,
    "minor_collections": 14,
    "major_collections": 1,
    "compactions": 0,
    "top_heap_gb": 0.003662109375,
    "stack_kb": 0.71875,
    "minor_heap_kb": 8192.0
  }
}