{
  "time": {
    "rtime": 0.1412536,
    "utime": 0.026952,
    "stime": 0.018647,
    "cutime": 0.06428,
    "cstime": 0.019179
  },
  "mem": {
    "minor_gb": 0.032377906143665314,
    "promoted_gb": 0.002507902681827545,
    "major_gb": 0.0029276832938194275,
    "allocated_gb": 0.032797686755657196,
    "minor_collections": 9,
    "major_collections": 1,
    "compactions": 0,
    "top_heap_gb": 0.003662109375,
    "stack_kb": 0.53125,
    "minor_heap_kb": 8192.0
  }
}