{
  "time": {
    "rtime": {
      "sum": 0.1379081,
      "avg": 0.06895405,
      "min": 0.025212000000000002,
      "p10": 0.06895405,
      "median": 0.06895405,
      "p75": 0.06895405,
      "max": 0.11269610000000001,
      "count": 2
    },
    "utime": {
      "sum": 0.022882000000000003,
      "avg": 0.011441000000000002,
      "min": 0.0003970000000000015,
      "p10": 0.011441000000000002,
      "median": 0.011441000000000002,
      "p75": 0.011441000000000002,
      "max": 0.022485,
      "count": 2
    },
    "stime": {
      "sum": -0.007907999999999998,
      "avg": -0.003953999999999999,
      "min": -0.008305,
      "p10": -0.003953999999999999,
      "median": -0.003953999999999999,
      "p75": -0.003953999999999999,
      "max": 0.0003970000000000015,
      "count": 2
    },
    "cutime": {
      "sum": 0.022486,
      "avg": 0.011243,
      "min": 0.0,
      "p10": 0.011243,
      "median": 0.011243,
      "p75": 0.011243,
      "max": 0.022486,
      "count": 2
    },
    "cstime": {
      "sum": 0.0019870000000000027,
      "avg": 0.0009935000000000013,
      "min": 0.0,
      "p10": 0.0009935000000000013,
      "median": 0.0009935000000000013,
      "p75": 0.0009935000000000013,
      "max": 0.0019870000000000027,
      "count": 2
    }
  },
  "mem": {
    "minor_gb": {
      "sum": 0.0505751296877861,
      "avg": 0.0505751296877861,
      "min": 0.0505751296877861,
      "p10": 0.0505751296877861,
      "median": 0.0505751296877861,
      "p75": 0.0505751296877861,
      "max": 0.0505751296877861,
      "count": 1
    },
    "promoted_gb": {
      "sum": 0.0026000887155532837,
      "avg": 0.0026000887155532837,
      "min": 0.0026000887155532837,
      "p10": 0.0026000887155532837,
      "median": 0.0026000887155532837,
      "p75": 0.0026000887155532837,
      "max": 0.0026000887155532837,
      "count": 1
    },
    "major_gb": {
      "sum": 0.003060653805732727,
      "avg": 0.003060653805732727,
      "min": 0.003060653805732727,
      "p10": 0.003060653805732727,
      "median": 0.003060653805732727,
      "p75": 0.003060653805732727,
      "max": 0.003060653805732727,
      "count": 1
    },
    "allocated_gb": {
      "sum": 0.051035694777965546,
      "avg": 0.051035694777965546,
      "min": 0.051035694777965546,
      "p10": 0.051035694777965546,
      "median": 0.051035694777965546,
      "p75": 0.051035694777965546,
      "max": 0.051035694777965546,
      "count": 1
    },
    "minor_collections": {
      "sum": 11.0,
      "avg": 11.0,
      "min": 11.0,
      "p10": 11.0,
      "median": 11.0,
      "p75": 11.0,
      "max": 11.0,
      "count": 1
    },
    "major_collections": {
      "sum": 1.0,
      "avg": 1.0,
      "min": 1.0,
      "p10": 1.0,
      "median": 1.0,
      "p75": 1.0,
      "max": 1.0,
      "count": 1
    },
    "compactions": {
      "sum": 0.0,
      "avg": 0.0,
      "min": 0.0,
      "p10": 0.0,
      "median": 0.0,
      "p75": 0.0,
      "max": 0.0,
      "count": 1
    },
    "top_heap_gb": {
      "sum": 0.003662109375,
      "avg": 0.003662109375,
      "min": 0.003662109375,
      "p10": 0.003662109375,
      "median": 0.003662109375,
      "p75": 0.003662109375,
      "max": 0.003662109375,
      "count": 1
    },
    "stack_kb": {
      "sum": 0.71875,
      "avg": 0.71875,
      "min": 0.71875,
      "p10": 0.71875,
      "median": 0.71875,
      "p75": 0.71875,
      "max": 0.71875,
      "count": 1
    },
    "minor_heap_kb": {
      "sum": 8192.0,
      "avg": 8192.0,
      "min": 8192.0,
      "p10": 8192.0,
      "median": 8192.0,
      "p75": 8192.0,
      "max": 8192.0,
      "count": 1
    }
  }
}