{
  "time": {
    "rtime": 0.11269610000000001,
    "utime": 0.022485,
    "stime": -0.008305,
    "cutime": 0.0,
    "cstime": 0.0
  },
  "mem": {
    "minor_gb": 0.0505751296877861,
    "promoted_gb": 0.0026000887155532837,
    "major_gb": 0.003060653805732727,
    "allocated_gb": 0.051035694777965546,
    "minor_collections": 11,
    "major_collections": 1,
    "compactions": 0,
    "top_heap_gb": 0.003662109375,
    "stack_kb": 0.71875,
    "minor_heap_kb": 8192.0
  }
}