{
  "time": {
    "rtime": 0.025212000000000002,
    "utime": 0.0003970000000000015,
    "stime": 0.0003970000000000015,
    "cutime": 0.022486,
    "cstime": 0.0019870000000000027
  }
}