{
  "time": {
    "rtime": {
      "sum": 0.009593600000000001,
      "avg": 0.009593600000000001,
      "min": 0.009593600000000001,
      "p10": 0.009593600000000001,
      "median": 0.009593600000000001,
      "p75": 0.009593600000000001,
      "max": 0.009593600000000001,
      "count": 1
    },
    "utime": {
      "sum": 0.00037100000000000327,
      "avg": 0.00037100000000000327,
      "min": 0.00037100000000000327,
      "p10": 0.00037100000000000327,
      "median": 0.00037100000000000327,
      "p75": 0.00037100000000000327,
      "max": 0.00037100000000000327,
      "count": 1
    },
    "stime": {
      "sum": 0.0011140000000000039,
      "avg": 0.0011140000000000039,
      "min": 0.0011140000000000039,
      "p10": 0.0011140000000000039,
      "median": 0.0011140000000000039,
      "p75": 0.0011140000000000039,
      "max": 0.0011140000000000039,
      "count": 1
    },
    "cutime": {
      "sum": 0.0,
      "avg": 0.0,
      "min": 0.0,
      "p10": 0.0,
      "median": 0.0,
      "p75": 0.0,
      "max": 0.0,
      "count": 1
    },
    "cstime": {
      "sum": 0.0,
      "avg": 0.0,
      "min": 0.0,
      "p10": 0.0,
      "median": 0.0,
      "p75": 0.0,
      "max": 0.0,
      "count": 1
    }
  }
}