{
  "time": {
    "rtime": {
      "sum": 0.00026890000000000003,
      "avg": 0.00026890000000000003,
      "min": 0.00026890000000000003,
      "p10": 0.00026890000000000003,
      "median": 0.00026890000000000003,
      "p75": 0.00026890000000000003,
      "max": 0.00026890000000000003,
      "count": 1
    },
    "utime": {
      "sum": 0.0002279999999999921,
      "avg": 0.0002279999999999921,
      "min": 0.0002279999999999921,
      "p10": 0.0002279999999999921,
      "median": 0.0002279999999999921,
      "p75": 0.0002279999999999921,
      "max": 0.0002279999999999921,
      "count": 1
    },
    "stime": {
      "sum": 4.200000000000037e-05,
      "avg": 4.200000000000037e-05,
      "min": 4.200000000000037e-05,
      "p10": 4.200000000000037e-05,
      "median": 4.200000000000037e-05,
      "p75": 4.200000000000037e-05,
      "max": 4.200000000000037e-05,
      "count": 1
    },
    "cutime": {
      "sum": 0.0,
      "avg": 0.0,
      "min": 0.0,
      "p10": 0.0,
      "median": 0.0,
      "p75": 0.0,
      "max": 0.0,
      "count": 1
    },
    "cstime": {
      "sum": 0.0,
      "avg": 0.0,
      "min": 0.0,
      "p10": 0.0,
      "median": 0.0,
      "p75": 0.0,
      "max": 0.0,
      "count": 1
    }
  }
}