{
  "time": {
    "rtime": {
      "sum": 0.0083155,
      "avg": 0.0083155,
      "min": 0.0083155,
      "p10": 0.0083155,
      "median": 0.0083155,
      "p75": 0.0083155,
      "max": 0.0083155,
      "count": 1
    },
    "utime": {
      "sum": 0.00023999999999999716,
      "avg": 0.00023999999999999716,
      "min": 0.00023999999999999716,
      "p10": 0.00023999999999999716,
      "median": 0.00023999999999999716,
      "p75": 0.00023999999999999716,
      "max": 0.00023999999999999716,
      "count": 1
    },
    "stime": {
      "sum": 0.0008789999999999909,
      "avg": 0.0008789999999999909,
      "min": 0.0008789999999999909,
      "p10": 0.0008789999999999909,
      "median": 0.0008789999999999909,
      "p75": 0.0008789999999999909,
      "max": 0.0008789999999999909,
      "count": 1
    },
    "cutime": {
      "sum": 0.0,
      "avg": 0.0,
      "min": 0.0,
      "p10": 0.0,
      "median": 0.0,
      "p75": 0.0,
      "max": 0.0,
      "count": 1
    },
    "cstime": {
      "sum": 0.0,
      "avg": 0.0,
      "min": 0.0,
      "p10": 0.0,
      "median": 0.0,
      "p75": 0.0,
      "max": 0.0,
      "count": 1
    }
  }
}