{
  "time": {
    "rtime": 0.0083155,
    "utime": 0.00023999999999999716,
    "stime": 0.0008789999999999909,
    "cutime": 0.0,
    "cstime": 0.0
  }
}