{
  "time": {
    "rtime": 0.00026890000000000003,
    "utime": 0.0002279999999999921,
    "stime": 4.200000000000037e-05,
    "cutime": 0.0,
    "cstime": 0.0
  }
}