{
  "time": {
    "rtime": 0.009593600000000001,
    "utime": 0.00037100000000000327,
    "stime": 0.0011140000000000039,
    "cutime": 0.0,
    "cstime": 0.0
  }
}