{
  "time": {
    "rtime": 0.0001909,
    "utime": 0.00019100000000000367,
    "stime": 0.0,
    "cutime": 0.0,
    "cstime": 0.0
  }
}