{
  "time": {
    "rtime": {
      "sum": 0.264984,
      "avg": 0.132492,
      "min": 0.049155300000000006,
      "p10": 0.132492,
      "median": 0.132492,
      "p75": 0.132492,
      "max": 0.2158287,
      "count": 2
    },
    "utime": {
      "sum": -0.00016399999999999748,
      "avg": -8.199999999999874e-05,
      "min": -0.0009460000000000024,
      "p10": -8.199999999999874e-05,
      "median": -8.199999999999874e-05,
      "p75": -8.199999999999874e-05,
      "max": 0.0007820000000000049,
      "count": 2
    },
    "stime": {
      "sum": 0.018643,
      "avg": 0.0093215,
      "min": 0.00011199999999999925,
      "p10": 0.0093215,
      "median": 0.0093215,
      "p75": 0.0093215,
      "max": 0.018531,
      "count": 2
    },
    "cutime": {
      "sum": 0.028998999999999997,
      "avg": 0.014499499999999999,
      "min": 0.0,
      "p10": 0.014499499999999999,
      "median": 0.014499499999999999,
      "p75": 0.014499499999999999,
      "max": 0.028998999999999997,
      "count": 2
    },
    "cstime": {
      "sum": 0.019333000000000003,
      "avg": 0.009666500000000001,
      "min": 0.0,
      "p10": 0.009666500000000001,
      "median": 0.009666500000000001,
      "p75": 0.009666500000000001,
      "max": 0.019333000000000003,
      "count": 2
    }
  },
  "mem": {
    "minor_gb": {
      "sum": 0.09662525355815887,
      "avg": 0.09662525355815887,
      "min": 0.09662525355815887,
      "p10": 0.09662525355815887,
      "median": 0.09662525355815887,
      "p75": 0.09662525355815887,
      "max": 0.09662525355815887,
      "count": 1
    },
    "promoted_gb": {
      "sum": 0.0028183162212371826,
      "avg": 0.0028183162212371826,
      "min": 0.0028183162212371826,
      "p10": 0.0028183162212371826,
      "median": 0.0028183162212371826,
      "p75": 0.0028183162212371826,
      "max": 0.0028183162212371826,
      "count": 1
    },
    "major_gb": {
      "sum": 0.003411129117012024,
      "avg": 0.003411129117012024,
      "min": 0.003411129117012024,
      "p10": 0.003411129117012024,
      "median": 0.003411129117012024,
      "p75": 0.003411129117012024,
      "max": 0.003411129117012024,
      "count": 1
    },
    "allocated_gb": {
      "sum": 0.09721806645393372,
      "avg": 0.09721806645393372,
      "min": 0.09721806645393372,
      "p10": 0.09721806645393372,
      "median": 0.09721806645393372,
      "p75": 0.09721806645393372,
      "max": 0.09721806645393372,
      "count": 1
    },
    "minor_collections": {
      "sum": 17.0,
      "avg": 17.0,
      "min": 17.0,
      "p10": 17.0,
      "median": 17.0,
      "p75": 17.0,
      "max": 17.0,
      "count": 1
    },
    "major_collections": {
      "sum": 1.0,
      "avg": 1.0,
      "min": 1.0,
      "p10": 1.0,
      "median": 1.0,
      "p75": 1.0,
      "max": 1.0,
      "count": 1
    },
    "compactions": {
      "sum": 0.0,
      "avg": 0.0,
      "min": 0.0,
      "p10": 0.0,
      "median": 0.0,
      "p75": 0.0,
      "max": 0.0,
      "count": 1
    },
    "top_heap_gb": {
      "sum": 0.003662109375,
      "avg": 0.003662109375,
      "min": 0.003662109375,
      "p10": 0.003662109375,
      "median": 0.003662109375,
      "p75": 0.003662109375,
      "max": 0.003662109375,
      "count": 1
    },
    "stack_kb": {
      "sum": 0.71875,
      "avg": 0.71875,
      "min": 0.71875,
      "p10": 0.71875,
      "median": 0.71875,
      "p75": 0.71875,
      "max": 0.71875,
      "count": 1
    },
    "minor_heap_kb": {
      "sum": 8192.0,
      "avg": 8192.0,
      "min": 8192.0,
      "p10": 8192.0,
      "median": 8192.0,
      "p75": 8192.0,
      "max": 8192.0,
      "count": 1
    }
  }
}