{
  "time": {
    "rtime": 0.049155300000000006,
    "utime": 0.0007820000000000049,
    "stime": 0.00011199999999999925,
    "cutime": 0.028998999999999997,
    "cstime": 0.019333000000000003
  }
}