{
  "time": {
    "rtime": 0.12866940000000002,
    "utime": 0.029355,
    "stime": 0.011852,
    "cutime": 0.048962,
    "cstime": 0.02864
  },
  "mem": {
    "minor_gb": 0.03271173685789108,
    "promoted_gb": 0.0025039315223693848,
    "major_gb": 0.0029481500387191772,
    "allocated_gb": 0.033155955374240875,
    "minor_collections": 9,
    "major_collections": 1,
    "compactions": 0,
    "top_heap_gb": 0.003662109375,
    "stack_kb": 0.53125,
    "minor_heap_kb": 8192.0
  }
}