{
  "time": {
    "rtime": 0.300516,
    "utime": 0.051815999999999994,
    "stime": 0.020594,
    "cutime": 0.194079,
    "cstime": 0.02373
  },
  "mem": {
    "minor_gb": 0.0330837145447731,
    "promoted_gb": 0.00252726674079895,
    "major_gb": 0.0029836520552635193,
    "allocated_gb": 0.03354009985923767,
    "minor_collections": 9,
    "major_collections": 1,
    "compactions": 0,
    "top_heap_gb": 0.003662109375,
    "stack_kb": 0.53125,
    "minor_heap_kb": 8192.0
  }
}