{
  "time": {
    "rtime": 5.4755305000000005,
    "utime": 0.04815,
    "stime": 0.08101200000000001,
    "cutime": 0.188573,
    "cstime": 0.448343
  },
  "mem": {
    "minor_gb": 0.03126943111419678,
    "promoted_gb": 0.0024594515562057495,
    "major_gb": 0.002879232168197632,
    "allocated_gb": 0.03168921172618866,
    "minor_collections": 8,
    "major_collections": 1,
    "compactions": 0,
    "top_heap_gb": 0.003662109375,
    "stack_kb": 0.53125,
    "minor_heap_kb": 8192.0
  }
}